behaviour,trial_id,loss,median_monitoring_quality,w,c1,c2,eval_time_s,timestamp
grazing,1,-0.2097007031748464,0.2097007031748464,0.2104462567901514,1.8022310229967529,2.3852974627046217,1210.0495569705963,20260717_164443
grazing,2,-0.2295632595502836,0.2295632595502836,0.7615794878582123,1.496664902936798,1.0946311231063008,1207.1582236289978,20260717_170456
grazing,3,-0.1665203385250205,0.1665203385250205,0.6855360834722528,0.0872807573577351,1.8370916031584812,1213.9239330291748,20260717_172516
grazing,4,-0.2269025091872009,0.2269025091872009,0.731899879071056,1.6401752083949723,0.1820043684423737,1137.8705341815948,20260717_174420
grazing,5,-0.2452939976515225,0.2452939976515225,0.7815582735985499,1.5236260065235254,0.4463206312422917,1197.0219359397888,20260717_180423
grazing,6,-0.1878769769827621,0.1878769769827621,0.237667924323923,0.235479576839733,2.5301990087343094,1213.5030212402344,20260717_182443
grazing,7,-0.2125422885606341,0.2125422885606341,0.3268056860702283,1.4433288108001558,0.6314160519405995,1195.246755361557,20260717_184445
grazing,8,-0.1344317254910655,0.1344317254910655,0.9754589851701008,0.6537839262579849,1.2528078757134482,1159.339742898941,20260717_190410
grazing,9,-0.1724621444311563,0.1724621444311563,0.7899090476756414,0.3659617638159983,1.906030941430124,1205.0720281600952,20260717_192422
grazing,10,-0.240612559533743,0.240612559533743,0.5722375401636746,1.6575633770432865,0.7157032200387781,1212.585788011551,20260717_194440
grazing,11,-0.1778405792859363,0.1778405792859363,0.5851813418356973,0.8270110077350333,2.959390384619092,1217.099259376526,20260717_200504
grazing,12,-0.2231571395890314,0.2231571395890314,0.3969494153146463,1.476691506334526,0.7162821869997522,1209.2822070121765,20260717_202520
grazing,13,-0.1811802731674842,0.1811802731674842,0.2493057525791197,0.1312509534396471,2.8830081082238848,1222.342929840088,20260717_204549
grazing,14,-0.2200009820544014,0.2200009820544014,0.0001395804181746,0.4908333057695845,2.8838520321611334,1228.614815711975,20260717_210624
grazing,15,-0.2206967011728133,0.2206967011728133,0.7908584766716169,0.7241570501071699,0.6222442652895726,1199.0000307559967,20260717_212629
grazing,16,-0.1728756655113932,0.1728756655113932,0.2970236850891026,0.0410087025722346,2.8979061105144037,1220.3500397205353,20260717_214656
grazing,17,-0.1778451031236499,0.1778451031236499,0.7905855164967612,1.9099864857467777,1.759986837925592,1186.25825548172,20260717_220648
grazing,18,-0.1706051855132943,0.1706051855132943,0.2544550968454356,0.0133149743608421,2.8584919546593635,1218.775175333023,20260717_222713
grazing,19,-0.241712607971458,0.241712607971458,0.3619355580694345,2.850504000564207,1.2293566182628548,1208.3177978992462,20260717_224728
grazing,20,-0.1845823823331521,0.1845823823331521,0.6389176853225987,2.3357488944763563,1.9152834026355108,1180.8192398548126,20260717_230716
grazing,21,-0.2432264768913126,0.2432264768913126,0.8136356585705679,1.3702490430006835,0.5024620021417873,1203.306128740311,20260717_232726
grazing,22,-0.1498890706189767,0.1498890706189767,0.4643143163765269,1.3260292465058396,0.0883568119526119,1117.208572626114,20260717_234610
grazing,23,-0.234378821265362,0.234378821265362,0.8375866001215735,1.1450101228139555,0.6070405428312031,1200.1929984092712,20260718_000616
grazing,24,-0.2199584991613055,0.2199584991613055,0.9063742444650896,1.1691255604291029,0.6067748063341081,1185.268683195114,20260718_002608
grazing,25,-0.2080263738950584,0.2080263738950584,0.4325284561092789,1.7064997796692054,0.3219516543402584,1164.083976507187,20260718_004539
grazing,26,-0.1338182522936243,0.1338182522936243,0.8517046633334021,2.9573633549673364,1.023632186782521,1132.2669594287872,20260718_010439
grazing,27,-0.2277802246136112,0.2277802246136112,0.7173937071262543,1.1861475996076538,0.8930536334741775,1214.483475446701,20260718_012459
grazing,28,-0.2258244116604763,0.2258244116604763,0.7076997319936674,1.080361375580284,1.0226775675553748,1206.1973083019257,20260718_014512
grazing,29,-0.2328919668344814,0.2328919668344814,0.7436691119561671,1.1313042824965809,0.3069495278010073,1187.054149866104,20260718_020506
grazing,30,-0.2291245976939509,0.2291245976939509,0.725350401357482,1.078383339544272,0.2890877873551184,1184.6128857135773,20260718_022458
grazing,31,-0.2393390228277595,0.2393390228277595,0.8208615131431205,1.0586227863921167,0.3894933684074761,1200.719205617905,20260718_024506
grazing,32,-0.237150981112152,0.237150981112152,0.8544925535067657,1.0123743526099993,0.3569892935936858,1194.6802365779877,20260718_030507
grazing,33,-0.2336381221037277,0.2336381221037277,0.8900991293899838,0.9089315353945264,0.3905259759906168,1195.8343727588654,20260718_032509
grazing,34,-0.2318948004991735,0.2318948004991735,0.8864379603691246,0.9213035457673996,0.4584500567838473,1201.4098522663116,20260718_034517
grazing,35,-0.2339208280535626,0.2339208280535626,0.8576742285846812,0.9730168851249076,0.4124712222070006,1193.390468597412,20260718_040518
grazing,36,-0.2063927478746833,0.2063927478746833,0.950925466742962,0.9440797991108056,0.4349170601198657,1178.162338733673,20260718_042503
grazing,37,-0.2019281386572812,0.2019281386572812,0.8900929367098025,1.9616161830813037,0.4888973193618783,1153.8649854660034,20260718_044423
grazing,38,-0.2421263675446794,0.2421263675446794,0.8390464837941721,1.2620748062666214,0.2952869684576034,1182.435438156128,20260718_050413
grazing,39,-0.1987652980691103,0.1987652980691103,0.8276419873717678,1.3223987471758756,0.0939047162768894,1125.201098203659,20260718_052305
grazing,40,-0.2180769431574119,0.2180769431574119,0.8472220432860768,0.9616529217357712,0.7840347838824868,1208.2947845458984,20260718_054320
grazing,41,-0.2161533013544106,0.2161533013544106,0.9257982871526366,1.299469359926915,0.4239175540297292,1170.5502786636353,20260718_060257
grazing,42,-0.2393919940833869,0.2393919940833869,0.836461457857811,1.5660941603028116,0.2525323376151408,1173.6068713665009,20260718_062239
grazing,43,-0.2302206767618088,0.2302206767618088,0.8320694521141553,1.5133046684028757,0.1760548321175387,1139.664702653885,20260718_064145
grazing,44,-0.2329387284910995,0.2329387284910995,0.5485415125846553,1.5725040668205217,0.56476596531628,1205.359354019165,20260718_070157
grazing,45,-0.2414745846477161,0.2414745846477161,0.8102024088358516,1.357497045836292,0.2247231140258039,1166.358171224594,20260718_072130
grazing,46,-0.2351152981589957,0.2351152981589957,0.8184730493552685,1.2947040964754684,0.2163206813886276,1165.6000006198883,20260718_074102
grazing,47,-0.1432268565516624,0.1432268565516624,0.7867905269150555,1.3402134109093615,0.0255275043132988,1110.8267710208893,20260718_075940
grazing,48,-0.2395674747818157,0.2395674747818157,0.8015336179682981,1.7147753983882,0.2205445922367208,1156.880782842636,20260718_081903
grazing,49,-0.2378054547302452,0.2378054547302452,0.7761292378452175,1.7152710883888884,0.2183247332956402,1156.1737122535706,20260718_083826
grazing,50,-0.2125793293246616,0.2125793293246616,0.6466495633344064,1.732799741340324,0.1764868226873384,1138.344908475876,20260718_085731
grazing,51,-0.2399202723581145,0.2399202723581145,0.76936840434063,1.9103708850288796,0.2493162143271539,1160.2772619724274,20260718_091658
grazing,52,-0.2101412871737716,0.2101412871737716,0.772752132866814,2.074377377395297,1.3003120828569812,1193.0588665008545,20260718_093657
grazing,53,-0.1270600060074006,0.1270600060074006,0.7580924898893798,1.579236271245292,0.0127947282690448,1110.6262748241425,20260718_095534
grazing,54,-0.1939199298306496,0.1939199298306496,0.3699606103760999,1.8761699021114449,0.2499649124475318,1143.9910428524015,20260718_101445
grazing,55,-0.2433416323712677,0.2433416323712677,0.7943594053543853,1.646929011753599,0.287644949381777,1172.534254074097,20260718_103424
grazing,56,-0.2258003597505138,0.2258003597505138,0.8017909701158006,1.6703467428629084,0.1528424688804104,1130.449063539505,20260718_105322
grazing,57,-0.1786939739570973,0.1786939739570973,0.1247247867939235,1.4408640113398985,0.2888782847436865,1141.0723011493685,20260718_111230
grazing,58,-0.2494755904352441,0.2494755904352441,0.7651348097139196,1.764888497689186,0.5227565355292371,1197.3690972328186,20260718_113234
grazing,59,-0.1054047316194126,0.1054047316194126,0.999463109966704,2.8033519977731647,0.5635439554854708,1105.7789084911346,20260718_115107
grazing,60,-0.2392507207250967,0.2392507207250967,0.6707616717250033,1.414588376054486,0.8236055344400919,1205.6214773654938,20260718_121120
grazing,61,-0.2437323581286367,0.2437323581286367,0.803315205194733,1.8535096422945037,0.5049056147615605,1189.5155606269836,20260718_123117
grazing,62,-0.2477774736533977,0.2477774736533977,0.7526515839470894,2.0718874982623032,0.709932107094303,1199.8736236095428,20260718_125123
grazing,63,-0.2457775672886961,0.2457775672886961,0.7604190340248648,2.082433159209557,0.7181241103602802,1190.7360167503357,20260718_131121
grazing,64,-0.2443165661392167,0.2443165661392167,0.750782313939717,2.134359681333886,0.7133709007713757,1197.8191139698029,20260718_133126
grazing,65,-0.2517748778432847,0.2517748778432847,0.7086063157726232,2.117856505418355,0.7064002614464238,1202.8917520046234,20260718_135136
grazing,66,-0.2508239441501632,0.2508239441501632,0.7041811644981532,2.1576129326726528,0.7132418893463253,1204.6352496147156,20260718_141148
grazing,67,-0.2527668034183346,0.2527668034183346,0.6861524271546523,2.206123243613044,0.7235667450346781,1201.7732419967651,20260718_143156
grazing,68,-0.2535912048841992,0.2535912048841992,0.6850156149927438,2.2353561526684103,0.7281807426467105,1202.576599597931,20260718_145206
grazing,69,-0.2510613778995384,0.2510613778995384,0.6786496112692186,2.21565972533894,0.7085665842468716,1202.8518657684326,20260718_151216
grazing,70,-0.2555731871988111,0.2555731871988111,0.6838317393009533,2.277415067521581,0.6861369756092809,1200.0771932601929,20260718_153223
grazing,71,-0.2512383671285856,0.2512383671285856,0.6855534138571965,2.2647352149470263,0.6984251509623759,1202.0856986045835,20260718_155231
grazing,72,-0.2523754463704058,0.2523754463704058,0.6818493163574612,2.2711460875790914,0.7074465774118497,1194.6222567558289,20260718_161232
grazing,73,-0.2520250527799131,0.2520250527799131,0.6951953535547438,2.2794661410698565,0.7066940744700263,1199.136441230774,20260718_163239
grazing,74,-0.2444963504399853,0.2444963504399853,0.6862628958799057,2.406840138660032,0.899950277072056,1199.2566990852356,20260718_165246
grazing,75,-0.2505547591246434,0.2505547591246434,0.6246761709737666,2.31741830465147,0.7149394424633924,1207.124154806137,20260718_171259
grazing,76,-0.252338525485425,0.252338525485425,0.6084913560661384,2.339367357229248,0.728576690051293,1205.0159587860107,20260718_173311
grazing,77,-0.2536055127448224,0.2536055127448224,0.610729216683731,2.2966557479866485,0.7072564020042891,1203.4126062393188,20260718_175322
grazing,78,-0.2533668471857824,0.2533668471857824,0.6030676296855297,2.3515621711926222,0.6887988953810738,1205.7173635959623,20260718_181334
grazing,79,-0.2518992035712398,0.2518992035712398,0.597698042595892,2.370620404014489,0.90154412944842,1210.4981007575989,20260718_183351
grazing,80,-0.252369258567324,0.252369258567324,0.6085983297181186,2.362009972379816,0.8282491359802724,1207.357578277588,20260718_185406
grazing,81,-0.2518653536055735,0.2518653536055735,0.5933226876957186,2.477920205664314,0.904195641614252,1207.9865837097168,20260718_191422
grazing,82,-0.2515196371982414,0.2515196371982414,0.5990290909606498,2.501974514916605,0.8526235857307429,1198.3230829238892,20260718_193426
grazing,83,-0.2486344558796936,0.2486344558796936,0.5973117263865448,2.515143371595692,0.917764337165092,1205.4956228733065,20260718_195439
grazing,84,-0.252808750984831,0.252808750984831,0.5389408825343478,2.5619352698456903,0.8423899784020377,1208.3365774154663,20260718_201453
grazing,85,-0.2509801587368253,0.2509801587368253,0.5268095695187988,2.5089748649161088,0.8362181282657882,1207.81737947464,20260718_203509
grazing,86,-0.2495267472220997,0.2495267472220997,0.6050133205030596,2.46951697491024,0.983499965041826,1208.0203754901886,20260718_205524
grazing,87,-0.2408790377092608,0.2408790377092608,0.5672342510349049,2.6215793179374214,1.1758843548923934,1197.6319317817688,20260718_211527
grazing,88,-0.2471393952585374,0.2471393952585374,0.6391885255032078,2.6335287266955336,0.8119606173411639,1194.7313151359558,20260718_213530
grazing,89,-0.2440890379137638,0.2440890379137638,0.5011958414953623,2.307179350112187,0.6133177703325786,1201.304405927658,20260718_215537
grazing,90,-0.246221273883388,0.246221273883388,0.6551286505589828,2.27503043438885,0.9321748319173944,1208.545065164566,20260718_221553
grazing,91,-0.2539247303843306,0.2539247303843306,0.6166872667400722,2.3977929150447106,0.7844968539485452,1197.6719100475311,20260718_223559
grazing,92,-0.2441079647399053,0.2441079647399053,0.6166582231008234,2.398811246522395,1.099388258060714,1210.0486330986023,20260718_225615
grazing,93,-0.2545583475173235,0.2545583475173235,0.57769416988023,2.618563028286077,0.7761713726493409,1202.0607905387878,20260718_231625
grazing,94,-0.2518264741584791,0.2518264741584791,0.5704637187836663,2.4035719237494777,0.7842134433462772,1206.939965724945,20260718_233638
grazing,95,-0.2522460612434506,0.2522460612434506,0.5698033495252505,2.635011996284593,0.7825288291464685,1203.076353788376,20260718_235649
grazing,96,-0.251493503303318,0.251493503303318,0.5441314597781124,2.628108013199491,0.6269579174030026,1190.139475107193,20260719_001647
grazing,97,-0.2479299806740041,0.2479299806740041,0.5153911283891675,2.735106900282079,1.00486100092133,1199.3165924549105,20260719_003652
grazing,98,-0.2514346190565615,0.2514346190565615,0.5881476549985695,2.1926311777430807,0.7709991808267705,1207.170724153519,20260719_005707
grazing,99,-0.2488280098681091,0.2488280098681091,0.4631483937380436,2.5661733817018604,0.9420627484753024,1204.4317841529846,20260719_011718
grazing,100,-0.2536498055443834,0.2536498055443834,0.556835391997389,2.371572825148646,0.6484092732284624,1203.104722738266,20260719_013729
travelling,1,-0.1362269402428926,0.1362269402428926,0.8136554076402878,2.651779876417846,1.860356993029923,1134.7044479846954,20260719_142508
travelling,2,-0.2359083383681843,0.2359083383681843,0.3004213547905083,2.582791445740304,1.8247474865134097,1205.7010369300842,20260719_144520
travelling,3,-0.1952410685634837,0.1952410685634837,0.1469627872850277,1.8529825538190088,0.2209830763515723,1141.5165121555328,20260719_150427
travelling,4,-0.25516314391381,0.25516314391381,0.4037776702619792,1.7773602399774224,0.6366513509800057,1222.088418483734,20260719_152456
travelling,5,-0.2197464779016973,0.2197464779016973,0.5029037546614818,0.8620689595597015,0.2899339370310274,1192.38675904274,20260719_154455
travelling,6,-0.2663308744673234,0.2663308744673234,0.754727360264789,1.32583019505736,0.4830723258524525,1217.0000324249268,20260719_160518
travelling,7,-0.1653766931963355,0.1653766931963355,0.6990785947415082,0.2452408258564674,2.9909616297003168,1215.7076535224917,20260719_162540
travelling,8,-0.1882665658305504,0.1882665658305504,0.0642868633095492,2.2441073188812024,2.490268897117441,1156.0468878746033,20260719_164502
travelling,9,-0.1752371838676671,0.1752371838676671,0.7232984036743606,0.1622336233325519,2.314142452787512,1225.2073049545288,20260719_170534
travelling,10,-0.2481879785844599,0.2481879785844599,0.3250323927354744,1.3049938609524188,1.4416715061337235,1243.250347852707,20260719_172623
travelling,11,-0.1458121270045343,0.1458121270045343,0.0347034358568199,0.8049742611316126,0.1237810721127381,1132.741009473801,20260719_174523
travelling,12,-0.1944224459047226,0.1944224459047226,0.7810878336638913,0.3144918511394057,1.8244571547301784,1226.28569149971,20260719_180555
travelling,13,-0.2427411605946393,0.2427411605946393,0.2831609380301049,1.827312447264958,2.190118801086162,1231.7648613452911,20260719_182633
travelling,14,-0.1976897909758361,0.1976897909758361,0.0674229237941094,0.2665555441975124,1.4014456975062186,1221.4629306793213,20260719_184701
travelling,15,-0.1913908437125277,0.1913908437125277,0.232460637469597,0.0512900698432334,2.717194906902577,1228.700030088425,20260719_190736
travelling,16,-0.1297297028459162,0.1297297028459162,0.8752476091491476,0.6128527560304866,2.9632116358801057,1168.5363733768463,20260719_192711
travelling,17,-0.1150363146053723,0.1150363146053723,0.882267604974632,2.4509842926400958,2.442250402342084,1137.5007820129397,20260719_194615
travelling,18,-0.2008056984316207,0.2008056984316207,0.3249490313631097,1.0520498798199989,0.3092461984096847,1179.3830587863922,20260719_200600
travelling,19,-0.2156693946093746,0.2156693946093746,0.2452135488808661,0.3842306877791155,2.54956477916961,1237.7334926128387,20260719_202644
travelling,20,-0.1641940285125544,0.1641940285125544,0.4473235949869818,2.927999693216751,2.139133564543283,1157.5931792259216,20260719_204608
travelling,21,-0.2424183682338352,0.2424183682338352,0.3550046083586926,1.4450346798000864,0.7860113856000474,1234.1904952526093,20260719_210649
travelling,22,-0.2427703663152517,0.2427703663152517,0.4086689944768373,1.399464988853251,0.669943316090249,1227.706288576126,20260719_212724
travelling,23,-0.2473069365034848,0.2473069365034848,0.4024257184724215,1.408634081570464,0.716296306897547,1229.741200208664,20260719_214800
travelling,24,-0.245426956476426,0.245426956476426,0.3916304768669172,1.4053237007636876,0.7878487421490086,1230.039907693863,20260719_220837
travelling,25,-0.2536659398539007,0.2536659398539007,0.4270622504306026,1.460426928291191,0.7786109327355396,1225.4405691623688,20260719_222908
travelling,26,-0.2523725182492825,0.2523725182492825,0.4599819474872619,1.439328161985319,0.7474334904692017,1229.9290716648102,20260719_224945
travelling,27,-0.2449879189093122,0.2449879189093122,0.4596679378300861,1.3583014985486477,0.7071935239309629,1232.8583147525787,20260719_231024
travelling,28,-0.2491051843498027,0.2491051843498027,0.5550101268997205,1.222467793175197,0.7648305491075821,1235.7425677776337,20260719_233107
travelling,29,-0.2503655392311138,0.2503655392311138,0.5626718984585957,1.1828672146015402,0.970260572754664,1234.6948459148407,20260719_235148
travelling,30,-0.2451845210170029,0.2451845210170029,0.5407776303602941,1.175313401696716,1.0000904209552122,1236.634682893753,20260720_001232
travelling,31,-0.2667447042820249,0.2667447042820249,0.5657450354251738,1.7288048797069169,1.0431483950447216,1238.9787590503693,20260720_003317
travelling,32,-0.2668457789612152,0.2668457789612152,0.5765097380190262,1.6818125649490971,0.9777020431200903,1236.4874947071075,20260720_005400
travelling,33,-0.2679873216040154,0.2679873216040154,0.5850228104837673,1.7272884720724546,1.1125664993194897,1241.742104768753,20260720_011449
travelling,34,-0.2688444473036098,0.2688444473036098,0.5739181531040286,1.7404861459378882,1.0886629633562526,1238.8284244537354,20260720_013534
travelling,35,-0.2663936675258807,0.2663936675258807,0.6287879311186108,1.7087038560325756,1.1590322086509528,1237.405524969101,20260720_015618
travelling,36,-0.2641374684730864,0.2641374684730864,0.6371338585219228,1.725447077862117,1.1597695013835572,1239.046050786972,20260720_021705
travelling,37,-0.2660531612885879,0.2660531612885879,0.6488833809545379,1.7784208215834043,1.181227807282755,1237.5368332862854,20260720_023749
travelling,38,-0.2683670321769934,0.2683670321769934,0.6324989523207188,1.7337860339401705,1.1777051945114143,1238.6065533161163,20260720_025834
travelling,39,-0.2647015224618987,0.2647015224618987,0.6208436317702406,1.71213930316548,1.210459696607313,1237.3178646564484,20260720_031918
travelling,40,-0.2645144612847128,0.2645144612847128,0.6383570783150672,1.6896378187316907,1.2168755454753593,1237.2524557113647,20260720_034002
travelling,41,-0.2659302230295791,0.2659302230295791,0.6241389311026597,1.651701713569683,1.1990643190457746,1238.9576406478882,20260720_040048
travelling,42,-0.2654095236578059,0.2654095236578059,0.6496634770164508,2.049242240405086,1.2200704164799172,1229.832338809967,20260720_042124
travelling,43,-0.2784727371407302,0.2784727371407302,0.6016613250090069,2.029883674678748,1.0428873207937632,1237.181538105011,20260720_044208
travelling,44,-0.2735259663013151,0.2735259663013151,0.589460786888604,1.9200800836382528,1.0348786522494973,1235.9137523174286,20260720_050251
travelling,45,-0.2762064226339252,0.2762064226339252,0.5729920939020816,1.985471230109365,0.9977272873020668,1235.6458430290222,20260720_052333
travelling,46,-0.2759112220522263,0.2759112220522263,0.5726893174090667,2.0060718901280774,0.9992432862118328,1236.245581150055,20260720_054416
travelling,47,-0.2739937288226397,0.2739937288226397,0.5761541117071792,2.001690332320246,0.9923219469046032,1237.3978490829468,20260720_060500
travelling,48,-0.2771532328540654,0.2771532328540654,0.5731326012656991,1.9941130606701576,1.0065944081896243,1236.0458583831787,20260720_062543
travelling,49,-0.2723367385896788,0.2723367385896788,0.5711475487157435,2.0064095685318675,0.9725896315569716,1237.580311536789,20260720_064626
travelling,50,-0.2761251577030748,0.2761251577030748,0.52206131480585,2.060869309060954,0.9375061997311784,1237.093176364899,20260720_070710
travelling,51,-0.2727844700512817,0.2727844700512817,0.5095924988261455,2.0292075664663654,0.9304736760607506,1237.0446808338163,20260720_072754
travelling,52,-0.2709012689280483,0.2709012689280483,0.5120016194977098,2.022573807824076,0.9054958054473392,1236.148906469345,20260720_074836
travelling,53,-0.2747808025894712,0.2747808025894712,0.5047254066509862,2.026481797911638,0.8919755859847125,1236.252341747284,20260720_080919
travelling,54,-0.2727306312070915,0.2727306312070915,0.5040368280729007,2.010372967581687,0.8653380640653872,1236.7073802947998,20260720_083003
travelling,55,-0.2723727457939331,0.2723727457939331,0.5133469931891326,2.009193513384892,0.9034608292095356,1235.2209239006042,20260720_085045
travelling,56,-0.2732597387078478,0.2732597387078478,0.5071575143652165,2.018693517396322,0.8802756339733571,1232.1748530864716,20260720_091124
travelling,57,-0.274585088308349,0.274585088308349,0.5152725774317054,2.1837541640282545,0.5357896587213309,1211.803682565689,20260720_093143
travelling,58,-0.2721557134798782,0.2721557134798782,0.508167353543262,2.237508167848536,0.52217145385819,1211.5347893238068,20260720_095201
travelling,59,-0.2688000606586106,0.2688000606586106,0.4835546036923853,2.1880280997964543,0.5561056511034057,1215.983073472977,20260720_101224
travelling,60,-0.2745991092625637,0.2745991092625637,0.5191911395144555,2.156369928354033,0.8552378201270429,1227.869874715805,20260720_103259
travelling,61,-0.2393564295310769,0.2393564295310769,0.688302836817126,2.3950044843949008,1.3487584843455491,1198.3252584934237,20260720_105304
travelling,62,-0.2643191446034939,0.2643191446034939,0.5300109754873816,2.141423157813825,0.3797233088903584,1186.2618188858032,20260720_111257
travelling,63,-0.2640684385970522,0.2640684385970522,0.4770880858350855,1.895995608917694,1.5686441358720198,1238.583967924118,20260720_113342
travelling,64,-0.2813979008409325,0.2813979008409325,0.5303805441974608,2.3737293245644207,0.8809573500832282,1219.9330306053162,20260720_115409
travelling,65,-0.2809292706043186,0.2809292706043186,0.5395490080961263,2.314908870311988,0.8625154542468337,1228.6155362129211,20260720_121444
travelling,66,-0.2836044443412209,0.2836044443412209,0.5989330959954964,2.3462285070067885,0.8576799244950936,1223.457175731659,20260720_123515
travelling,67,-0.2837951319678985,0.2837951319678985,0.599196695104099,2.4114146697075878,0.8355767085282229,1221.285807847977,20260720_125542
travelling,68,-0.2843402028443896,0.2843402028443896,0.5988050999049386,2.356877590012014,0.5961717216739901,1212.9323515892029,20260720_131602
travelling,69,-0.2791064364058513,0.2791064364058513,0.5402927038297086,2.3794223187928027,0.6096513337757854,1217.0620300769806,20260720_133626
travelling,70,-0.2840086036101426,0.2840086036101426,0.6028781637949343,2.401400064906857,0.646817847017203,1215.964718580246,20260720_135649
travelling,71,-0.2825708465658781,0.2825708465658781,0.6743300068232169,2.388765212192781,0.6260808513645362,1208.057996749878,20260720_141703
travelling,72,-0.2801937289283563,0.2801937289283563,0.6858128021172334,2.403983248757578,0.6557556427982587,1206.1862750053406,20260720_143716
travelling,73,-0.2644539471235714,0.2644539471235714,0.7145705618365036,2.623817522232865,0.6257276287732896,1183.2329308986664,20260720_145707
travelling,74,-0.2785391668721768,0.2785391668721768,0.690759702803989,2.393789060492443,0.3944480608105105,1184.8082110881803,20260720_151659
travelling,75,-0.2530183295040841,0.2530183295040841,0.7685203498218179,2.5123524028885225,0.4143749769924275,1165.970146894455,20260720_153630
travelling,76,-0.2810636802298819,0.2810636802298819,0.663891952385887,2.372722560274312,0.6266412683630509,1200.392876148224,20260720_155638
travelling,77,-0.2837901388002054,0.2837901388002054,0.6782989224513286,2.3427934747910952,0.6341539874963716,1209.2630758285522,20260720_161654
travelling,78,-0.2815179368538384,0.2815179368538384,0.6834750373258911,2.3523825056742065,0.6052926672254154,1200.3354773521423,20260720_163700
travelling,79,-0.2829254681792503,0.2829254681792503,0.6799837214381654,2.3435023544156204,0.5938582742820371,1207.0555410385132,20260720_165715
travelling,80,-0.2831256775261559,0.2831256775261559,0.6830812581349857,2.378217042013355,0.6221361523722092,1198.296499967575,20260720_171720
travelling,81,-0.2422117655053426,0.2422117655053426,0.7318917821052124,2.74551390523951,0.6197906594574482,1170.5531687736511,20260720_173657
travelling,82,-0.2834245881722399,0.2834245881722399,0.6712352158992212,2.328180136204601,0.6396842166365442,1210.8217148780825,20260720_175715
travelling,83,-0.2461132197594494,0.2461132197594494,0.6745174721403066,2.314574997484416,0.1780613915689322,1135.390697002411,20260720_181617
travelling,84,-0.2117294972979296,0.2117294972979296,0.8219732402834301,2.5108755651856955,0.6844156490250004,1157.901529788971,20260720_183541
travelling,85,-0.2810710762042041,0.2810710762042041,0.6693426277236896,2.307404876554517,0.4729368286833816,1198.5196225643158,20260720_185547
travelling,86,-0.2808710647592026,0.2808710647592026,0.6722569981298198,2.2944722011644743,0.4725213377173425,1199.6483747959137,20260720_191552
travelling,87,-0.2619618439011199,0.2619618439011199,0.736863285444544,2.5130704054622903,0.3210558116127084,1158.1969912052157,20260720_193516
travelling,88,-0.2638938991346927,0.2638938991346927,0.6585473234805193,2.742126273494707,0.7890254623760911,1192.413819313049,20260720_195516
travelling,89,-0.279048625038243,0.279048625038243,0.6122893966018975,2.299462390809039,0.4708774071057803,1201.894700050354,20260720_201524
travelling,90,-0.2850606866398616,0.2850606866398616,0.6665276969447703,2.3006047230899025,0.5802697620210748,1200.1546111106873,20260720_203531
travelling,91,-0.2814843271197705,0.2814843271197705,0.6531315927474017,2.4591342757534584,0.5709566638399013,1203.5992546081543,20260720_205543
travelling,92,-0.2725402760004718,0.2725402760004718,0.7178691065742359,2.4768612362072586,0.5771657696252169,1191.3176531791687,20260720_211540
travelling,93,-0.2816323745229601,0.2816323745229601,0.6543575964165349,2.4558560443781072,0.7206896670818476,1212.4626667499542,20260720_213600
travelling,94,-0.2623476134968876,0.2623476134968876,0.704525481438004,2.5717515665696267,0.7242930505402492,1191.196368932724,20260720_215557
travelling,95,-0.238197973457274,0.238197973457274,0.755868708771266,2.7010537530677925,0.4520295620877707,1159.756672859192,20260720_221524
travelling,96,-0.2852535397904474,0.2852535397904474,0.6051832802087631,2.4458507631543926,0.5345229191177149,1200.0671124458313,20260720_223532
travelling,97,-0.2826444967403648,0.2826444967403648,0.5991487507582106,2.448501505719162,0.7947268038781454,1220.411155462265,20260720_225558
travelling,98,-0.2839703957009932,0.2839703957009932,0.6056026325132435,2.458174068697951,0.7092499377901967,1215.682168483734,20260720_231621
travelling,99,-0.2830413913267879,0.2830413913267879,0.6037380932831943,2.568497251947382,0.7835911111532018,1214.0019118785858,20260720_233641
travelling,100,-0.2812680799553512,0.2812680799553512,0.6055951773197944,2.5925712569223163,0.7867687027562049,1211.9425864219666,20260720_235701
panic,1,-0.1691286114846049,0.1691286114846049,0.2104462567901514,1.8022310229967529,2.3852974627046217,1168.903336763382,20260721_092301
panic,2,-0.1808227535490528,0.1808227535490528,0.7615794878582123,1.496664902936798,1.0946311231063008,1179.1157898902893,20260721_094246
panic,3,-0.1246070300035677,0.1246070300035677,0.6855360834722528,0.0872807573577351,1.8370916031584812,1182.7072274684906,20260721_100234
panic,4,-0.1748028976141202,0.1748028976141202,0.731899879071056,1.6401752083949723,0.1820043684423737,1117.0008947849274,20260721_102118
panic,5,-0.1868521457879219,0.1868521457879219,0.7815582735985499,1.5236260065235254,0.4463206312422917,1157.268049955368,20260721_104041
panic,6,-0.1403890390782159,0.1403890390782159,0.237667924323923,0.235479576839733,2.5301990087343094,1177.831438779831,20260721_110025
panic,7,-0.1689737462153671,0.1689737462153671,0.3268056860702283,1.4433288108001558,0.6314160519405995,1163.8220705986023,20260721_111954
panic,8,-0.1013756201935823,0.1013756201935823,0.9754589851701008,0.6537839262579849,1.2528078757134482,1138.8061439990995,20260721_113859
panic,9,-0.1316916081888433,0.1316916081888433,0.7899090476756414,0.3659617638159983,1.906030941430124,1175.3414783477783,20260721_115841
panic,10,-0.1819013267547578,0.1819013267547578,0.5722375401636746,1.6575633770432865,0.7157032200387781,1170.2496206760406,20260721_121817
panic,11,-0.1353666419122325,0.1353666419122325,0.5851813418356973,0.8270110077350333,2.959390384619092,1177.5207726955414,20260721_123801
panic,12,-0.1720270457605453,0.1720270457605453,0.3969494153146463,1.476691506334526,0.7162821869997522,1172.8302175998688,20260721_125740
panic,13,-0.1383027776884592,0.1383027776884592,0.2493057525791197,0.1312509534396471,2.8830081082238848,1188.212880373001,20260721_131734
panic,14,-0.1658075286557888,0.1658075286557888,0.0001395804181746,0.4908333057695845,2.8838520321611334,1192.334771156311,20260721_133733
panic,15,-0.1706153615652391,0.1706153615652391,0.7908584766716169,0.7241570501071699,0.6222442652895726,1170.402908563614,20260721_135709
panic,16,-0.1318409301795364,0.1318409301795364,0.2970236850891026,0.0410087025722346,2.8979061105144037,1187.5231857299805,20260721_141703
panic,17,-0.1398559743047948,0.1398559743047948,0.7905855164967612,1.9099864857467777,1.759986837925592,1157.4124209880829,20260721_143627
panic,18,-0.1302538250663983,0.1302538250663983,0.2544550968454356,0.0133149743608421,2.8584919546593635,1185.4916858673096,20260721_145619
panic,19,-0.1822717766265415,0.1822717766265415,0.3619355580694345,2.850504000564207,1.2293566182628548,1168.6964139938354,20260721_151554
panic,20,-0.1488261495475274,0.1488261495475274,0.6389176853225987,2.3357488944763563,1.9152834026355108,1158.1719932556152,20260721_153518
panic,21,-0.1850707635258116,0.1850707635258116,0.8136356585705679,1.3702490430006835,0.5024620021417873,1167.8004693984983,20260721_155452
panic,22,-0.1112415290425968,0.1112415290425968,0.4643143163765269,1.3260292465058396,0.0883568119526119,1095.0830783843994,20260721_161314
panic,23,-0.1806650879419201,0.1806650879419201,0.8375866001215735,1.1450101228139555,0.6070405428312031,1167.0934908390043,20260721_163247
panic,24,-0.1716690309654707,0.1716690309654707,0.9063742444650896,1.1691255604291029,0.6067748063341081,1162.128624916077,20260721_165216
panic,25,-0.1628298522657181,0.1628298522657181,0.4325284561092789,1.7064997796692054,0.3219516543402584,1132.2745249271393,20260721_171115
panic,26,-0.0998271306741491,0.0998271306741491,0.8517046633334021,2.9573633549673364,1.023632186782521,1111.9445571899414,20260721_172953
panic,27,-0.1815539242773575,0.1815539242773575,0.7173937071262543,1.1861475996076538,0.8930536334741775,1179.8688101768494,20260721_174939
panic,28,-0.1785668360494377,0.1785668360494377,0.7076997319936674,1.080361375580284,1.0226775675553748,1182.1949241161346,20260721_180928
panic,29,-0.1718901295378685,0.1718901295378685,0.5912160183241726,1.0901668057028826,0.9601222150165902,1177.8911669254303,20260721_182912
panic,30,-0.1775323596681159,0.1775323596681159,0.725350401357482,1.070775948704776,0.28625201249021,1151.3683743476868,20260721_184830
panic,31,-0.1753008089600622,0.1753008089600622,0.7296942028230047,1.0205695747336283,1.0136808596552918,1183.515825510025,20260721_190820
panic,32,-0.1829439253208387,0.1829439253208387,0.8584068751888119,1.2318896524928744,0.4086927483052383,1161.5301203727722,20260721_192748
panic,33,-0.1601990442087604,0.1601990442087604,0.848602189366563,1.299703691115805,1.2906528343103645,1172.6011872291565,20260721_194727
panic,34,-0.1794836068375703,0.1794836068375703,0.8864379603691246,1.279740874661317,0.4698306232855685,1160.752906084061,20260721_200654
panic,35,-0.1739158827277721,0.1739158827277721,0.9055687647119696,1.326182345128723,0.4893883775106298,1155.2083649635315,20260721_202616
panic,36,-0.1721663218844453,0.1721663218844453,0.8663212860552066,1.9253690793496236,0.4450443748815874,1136.729365348816,20260721_204519
panic,37,-0.1213882275178315,0.1213882275178315,0.9755179230375316,1.5321447657294651,0.7229033874668374,1119.1803240776062,20260721_210404
panic,38,-0.1763875353980338,0.1763875353980338,0.8221405304089799,1.21196618490611,0.9045970752348712,1181.099877357483,20260721_212352
panic,39,-0.1712664145181656,0.1712664145181656,0.6656215507191195,0.9832894271844232,1.1868663748504826,1180.8943676948547,20260721_214339
panic,40,-0.1863409875340541,0.1863409875340541,0.7548831501781845,1.4466695225995116,0.8290086734216284,1179.9773449897766,20260721_220326
panic,41,-0.1838482898539617,0.1838482898539617,0.7699264018761954,1.5913142996764704,0.7726496710794137,1170.6707410812378,20260721_222303
panic,42,-0.1863030779227766,0.1863030779227766,0.7685329704730941,1.6047221384899215,0.8763500548449221,1178.993876695633,20260721_224248
panic,43,-0.1839586537404953,0.1839586537404953,0.773316943721772,1.5866442761482318,0.8209282770786887,1172.52898311615,20260721_230228
panic,44,-0.1838691850269956,0.1838691850269956,0.7772063954162121,1.6612630007234537,0.822124483240083,1169.229439496994,20260721_232204
panic,45,-0.183380887190799,0.183380887190799,0.7732188898613858,1.6691886399031508,0.8207238558361216,1178.1913738250732,20260721_234148
panic,46,-0.1868227958950485,0.1868227958950485,0.7707757602787997,1.6552041699897189,0.8001729460041376,1176.639413356781,20260722_000132
panic,47,-0.1871335733530813,0.1871335733530813,0.7675744608718054,1.8368210496103063,0.7949221566653643,1175.322004556656,20260722_002114
panic,48,-0.1859485724865811,0.1859485724865811,0.7691489705552463,1.8127021902429736,0.8113941624397797,1174.4984710216522,20260722_004054
panic,49,-0.1874168947738627,0.1874168947738627,0.7641901797793652,1.8379539221457852,0.7989140542808307,1174.5623650550842,20260722_010035
panic,50,-0.186088453090494,0.186088453090494,0.7675965403412356,1.8460959209809908,0.7847023948856741,1174.8528661727903,20260722_012016
panic,51,-0.1857539768895516,0.1857539768895516,0.7716549524552605,1.846446716681889,0.8174406988366302,1173.2729196548462,20260722_013955
panic,52,-0.1887442781323683,0.1887442781323683,0.7481017805535793,1.8857643907234647,0.706121065446808,1172.6981966495514,20260722_015934
panic,53,-0.1901498065085921,0.1901498065085921,0.6716754540371325,2.090251236883349,0.6033109190423765,1168.7998459339142,20260722_021909
panic,54,-0.1930059482624454,0.1930059482624454,0.6779363021328235,2.1163445024778245,0.6606444900441932,1167.03715801239,20260722_023842
panic,55,-0.1948607625295539,0.1948607625295539,0.6704773927594765,2.1072376991575235,0.6664751563952581,1173.07301735878,20260722_025822
panic,56,-0.1935615553635555,0.1935615553635555,0.6603250751471939,2.093516200039279,0.628019532725095,1170.226907491684,20260722_031759
panic,57,-0.1925227724671443,0.1925227724671443,0.6600256697889826,2.0657056424676696,0.5977881945507613,1164.8596665859222,20260722_033730
panic,58,-0.191066156531951,0.191066156531951,0.6510067818912072,2.0770555499271404,0.6454623520722149,1171.1100828647614,20260722_035708
panic,59,-0.189217999348901,0.189217999348901,0.6282291072582254,2.102982781396735,0.6238689710730602,1170.6904563903809,20260722_041646
panic,60,-0.1916748187522448,0.1916748187522448,0.6575280805912337,2.1165345895295133,0.6126040568969258,1167.8182389736176,20260722_043620
panic,61,-0.1922447367986808,0.1922447367986808,0.6332579285655174,2.1006855034887764,0.6328271685113622,1170.9830055236816,20260722_045558
panic,62,-0.1932854555877345,0.1932854555877345,0.6294478595329426,2.0926572364599862,0.6106272181550497,1169.3799641132357,20260722_051535
panic,63,-0.1926743321759731,0.1926743321759731,0.6388864302152975,2.1424353475153284,0.5804432496093229,1166.2843554019928,20260722_053506
panic,64,-0.1921751630653733,0.1921751630653733,0.6283839117336214,2.124198167994752,0.6010482942344791,1167.711154460907,20260722_055441
panic,65,-0.191215401396796,0.191215401396796,0.6299450653829974,2.121582275273786,0.5742358973995528,1166.825472354889,20260722_061414
panic,66,-0.1908028575614976,0.1908028575614976,0.6121970598939301,2.124762864087703,0.5873324354239645,1177.452261686325,20260722_063359
panic,67,-0.1854389610281886,0.1854389610281886,0.5369862436858197,2.2098490134684754,0.566690788737169,1164.7736155986786,20260722_065329
panic,68,-0.186650096897436,0.186650096897436,0.6675742902300803,2.071633475817673,0.3706963499096641,1146.2499248981476,20260722_071243
panic,69,-0.1901116303843721,0.1901116303843721,0.6225688107904134,2.3030680568722253,0.5434798807454425,1162.627426147461,20260722_073213
panic,70,-0.1744913017365736,0.1744913017365736,0.6754308102679251,2.4958055081391315,0.2312716749059968,1119.378828048706,20260722_075059
panic,71,-0.1911741938289002,0.1911741938289002,0.5972625981743402,2.0512891158100155,0.6447989343455733,1172.0901803970337,20260722_081037
panic,72,-0.1918181415494664,0.1918181415494664,0.5552594449750949,2.2102733210796544,0.649480928806139,1174.247896194458,20260722_083018
panic,73,-0.1871529456183969,0.1871529456183969,0.5390696026795361,1.9873264007347908,0.6841035343307036,1175.3670320510864,20260722_085000
panic,74,-0.1880220484019022,0.1880220484019022,0.5704611374399721,2.2860341615271875,0.5219890813151458,1163.348486185074,20260722_090931
panic,75,-0.1914644569177082,0.1914644569177082,0.6423771112034089,2.4975089917356668,0.6853444898835512,1165.0013418197632,20260722_092901
panic,76,-0.1842044578545317,0.1842044578545317,0.5954726028181215,2.477406686184457,0.381250681624763,1142.7790834903717,20260722_094811
panic,77,-0.1920318904483727,0.1920318904483727,0.7015098059021004,2.2173450109931783,0.6999646157207913,1170.463033914566,20260722_100749
panic,78,-0.1919240705855592,0.1919240705855592,0.5538658779492537,2.214531377638094,0.680999825717208,1166.5885128974917,20260722_102721
panic,79,-0.1933689397455062,0.1933689397455062,0.703987868294958,2.1986841100929286,0.5098651175033457,1151.2064774036407,20260722_104640
panic,80,-0.1885574479076948,0.1885574479076948,0.695489326712502,2.2431107749682515,0.4787165716397749,1150.344250202179,20260722_110557
panic,81,-0.1897131239685962,0.1897131239685962,0.5438579459895315,2.4048825268064613,0.70254947801533,1170.9599351882937,20260722_112534
panic,82,-0.1882366877310115,0.1882366877310115,0.7071362592598638,2.2266127635461155,0.6933808323318491,1168.95521235466,20260722_114511
panic,83,-0.1815885216775227,0.1815885216775227,0.4928431693155036,2.172750895150988,0.5219696282659376,1161.5903661251068,20260722_120439
panic,84,-0.1866082631873724,0.1866082631873724,0.6495336347318001,1.987852833111591,0.4584289742670973,1159.7594332695007,20260722_122405
panic,85,-0.1897952526011016,0.1897952526011016,0.5608845245129613,2.386366872508068,0.6673434367951853,1171.1940460205078,20260722_124344
panic,86,-0.1819137278306434,0.1819137278306434,0.6941363419889172,2.628205059014237,0.3302678389633888,1131.956856966019,20260722_130243
panic,87,-0.187447132101029,0.187447132101029,0.6440182253375573,1.9930527647714755,0.4326026530222456,1156.625811338425,20260722_132205
panic,88,-0.1922897898975299,0.1922897898975299,0.5049424353370784,2.63718371895254,0.931547585008463,1175.9751858711245,20260722_134149
panic,89,-0.1917944683169885,0.1917944683169885,0.5131427043441558,2.6791702493676874,0.720995611857402,1168.761221408844,20260722_140123
panic,90,-0.1848584814974093,0.1848584814974093,0.4999247553570805,2.1766112025590854,0.5563230255871741,1158.093144416809,20260722_142049
panic,91,-0.189915697375025,0.189915697375025,0.4530064835321428,2.7105916992421517,0.9353982644443944,1176.4819595813751,20260722_144033
panic,92,-0.1876644729565947,0.1876644729565947,0.5262977128757109,2.838446014235476,0.7388768999714542,1159.5867726802826,20260722_145958
panic,93,-0.1933397377814975,0.1933397377814975,0.6138103966621397,2.368790012583065,0.6160815228107424,1167.0659296512604,20260722_151932
panic,94,-0.1826781726911377,0.1826781726911377,0.5913132485984903,2.326925951786279,1.4475114189934546,1176.8363814353943,20260722_153915
panic,95,-0.1898028466109145,0.1898028466109145,0.6125505042541178,2.6956192173662035,0.5130823732010772,1154.4653146266935,20260722_155837
panic,96,-0.1874796680517032,0.1874796680517032,0.510133012580843,2.1870206496372764,0.7255806072844989,1167.8482677936554,20260722_161812
panic,97,-0.1815839831482797,0.1815839831482797,0.5640094181145476,2.0038934352998816,0.4031080012914678,1150.1760437488556,20260722_163728
panic,98,-0.1724842257134111,0.1724842257134111,0.727833232756991,2.6078819956174653,0.8980754885889027,1152.398191690445,20260722_165648
panic,99,-0.1893327182625502,0.1893327182625502,0.6867275890405802,2.373510754763623,0.6265798227422558,1163.7986664772034,20260722_171617
panic,100,-0.190611517195098,0.190611517195098,0.4788042043221152,2.2552462071406008,1.0974363621727747,1178.8294131755829,20260722_173604
