mission_id,frame,label_idx,prediction_idx,position_error_m,axis_error_deg,sync_offset_frame
F1,1,0,0,0.722302964550457,18.57257602756235,False
F1,2,0,0,0.3136268498918747,14.471053841073854,False
F1,2,1,1,0.27551277588163375,11.610663353769553,False
F1,2,2,3,0.12369308049913454,7.968834934308944,False
F1,2,3,2,0.6844301428879805,4.091758050321687,False
F1,3,0,0,0.2940597690377978,30.718581582892398,False
F1,3,1,1,0.5216036267636543,14.959437242877243,False
F1,3,2,3,0.0926145437381843,2.4052543005374787,False
F1,3,3,2,0.2908999582334775,9.635782651450938,False
F1,4,0,0,0.6217250059201208,0.8437766514785494,False
F1,4,1,1,0.2410391150385211,19.596201284052427,False
F1,4,2,3,0.14411291796108033,12.029388361817126,False
F1,4,3,2,0.4559490994010043,21.707299723909273,False
F1,5,0,0,0.6444012868727557,9.633976469926239,False
F1,5,1,1,0.2554381228884653,8.914505729917238,False
F1,5,2,3,0.26324059060790633,4.726945317165828,False
F1,5,3,2,0.21376841533736396,7.8834877691109,False
F1,6,0,0,0.17545046635727163,32.520966007680045,False
F1,6,1,1,0.16449881998113938,3.3936953492851387,False
F1,6,2,3,0.19366903552749498,7.163653146396598,False
F1,6,3,2,0.17589272226876193,21.401240051327875,False
F1,7,0,0,0.27500966285098305,15.859043605325013,False
F1,7,1,1,0.04227817130731891,3.0191140360001043,False
F1,7,2,3,0.1475158827027569,25.020555784964415,False
F1,7,3,2,0.10991061588714804,4.696078419121221,False
F1,8,0,1,0.1957109245973956,26.65664614587081,False
F1,8,1,0,0.141898053790302,5.747930508637694,False
F1,8,2,3,0.1615587409525708,28.354523523809775,False
F1,8,3,2,0.21672721025802294,6.238447012713891,False
F1,9,0,3,0.1370807529776491,26.71571249828071,False
F1,9,1,0,0.19573331368784314,12.941614998495993,False
F1,9,2,2,0.453646277047209,20.531457280233923,False
F1,9,3,1,0.29954783423718784,10.426033459894484,False
F1,10,0,3,0.22330249469131302,28.196923281176794,False
F1,10,1,0,0.22812297670372672,13.238167323551977,False
F1,10,2,1,0.3047554889467956,18.32842550611889,False
F1,10,3,2,0.23996020066894377,28.026482466099765,False
F1,11,1,0,0.5291960469274011,13.844195525218879,False
F1,11,2,1,0.07238300657814567,16.88951628307865,False
F1,11,3,2,0.22862496664584386,10.642200037679032,False
F1,12,0,2,0.1735670685300799,17.80342553153787,False
F1,12,1,1,0.3102283806819039,6.017630997127128,False
F1,12,2,0,0.8709968766579602,0.6883633226795496,False
F1,12,3,3,0.22734193068672212,38.72011160675919,False
F1,13,0,2,0.28249452017546384,42.68568644001988,False
F1,13,1,0,0.21250835341260282,12.177834032922874,False
F1,13,2,3,0.19333632015416896,22.794612841428716,False
F1,13,3,1,0.1468372881656859,3.3858930619110197,False
F1,14,0,1,0.3415156177969747,13.938660161360815,False
F1,14,1,3,0.15079924152649596,11.254099630578537,False
F1,14,2,0,0.17133233394543848,11.609026173130644,False
F1,14,3,2,0.35300928457265224,8.131293521390575,False
F1,15,0,2,0.2349749917690696,9.779870470814842,False
F1,15,1,0,0.24601328566230043,6.28955285572863,False
F1,15,2,3,0.10460144071889078,22.085174212014238,False
F1,15,3,1,0.43134507211830975,19.531414218400414,False
F1,16,0,1,0.3732691681521598,12.56885758059218,False
F1,16,1,3,0.10739858123794882,21.861544112978663,False
F1,16,2,0,0.203150920929616,6.5792001124792705,False
F1,16,3,2,0.2973917427139839,11.312723032397685,False
F1,17,0,2,0.2127902421612492,11.664381260906197,False
F1,17,1,0,0.26364094404226446,21.26958665578445,False
F1,17,2,3,0.3009449375086857,11.430141250014486,False
F1,17,3,1,0.4880921557120241,16.77388539631488,False
F1,18,0,2,0.07344686946274794,6.016118577931621,False
F1,18,1,0,0.21287155801221494,10.56236384343913,False
F1,18,2,3,0.27329937083546757,15.223811468652315,False
F1,18,3,1,0.321691388335239,22.74471112003428,False
F1,19,0,0,0.25529258132744986,26.02239490181023,False
F1,19,1,2,0.09533340910191553,1.115049522629846,False
F1,19,2,3,0.092772617505278,6.662280384820974,False
F1,19,3,1,0.6658109465107168,2.667665162603811,False
F1,20,0,1,0.10730408635137859,7.452781808189371,False
F1,20,1,3,0.08873755178105877,7.1491732886016734,False
F1,20,2,2,0.1353248625882413,7.224850603124423,False
F1,20,3,0,0.2729087151417018,26.760827436628745,False
F1,21,0,0,0.35177986719948073,22.12552071713131,False
F1,21,1,2,0.19155334096376578,5.35389002682507,False
F1,21,2,3,0.08863360025722986,1.866661580296352,False
F1,21,3,1,0.2747736549994307,21.55019224978605,False
F1,22,0,1,0.09404077707508733,33.587226001602176,False
F1,22,1,3,0.1414077036197877,7.638179098280176,False
F1,22,2,2,0.14629214970281298,19.272883585444248,False
F1,22,3,0,0.47453322655818386,16.733777487047604,False
F1,23,0,0,0.3929271798982809,16.71285032155194,False
F1,23,1,2,0.2415136772338477,9.61669640146377,False
F1,23,2,3,0.1804473956481703,19.15455566895858,False
F1,23,3,1,0.2592177996718996,9.182729036159799,False
F1,24,0,1,0.33617223195550305,8.298833190015188,False
F1,24,1,3,0.20935226991446446,17.546563011242313,False
F1,24,2,2,0.18693115553580306,27.071596320605806,False
F1,24,3,0,0.25943708527823656,21.843502090310267,False
F1,25,0,0,0.5780351469140244,18.568475003353342,False
F1,25,1,2,0.20591086511253207,11.043149953222212,False
F1,25,2,3,0.17204258310943146,6.671364703497318,False
F1,25,3,1,0.06765846811577632,13.039827175416747,False
F1,26,0,0,0.21280192070873,7.369984704278238,False
F1,26,1,2,0.22351256678943157,9.092054632304922,False
F1,26,2,1,0.1960857330709282,3.581652287363795,False
F1,26,3,3,0.5688049721875966,0.15072955356330908,False
F1,27,0,0,0.4921947287594819,0.023880414617593715,False
F1,27,1,1,0.4767528119075836,13.750778285092622,False
F1,27,3,2,0.6170062894886859,18.012587825507637,False
F1,28,0,0,0.2392282966547906,8.00324970584498,False
F1,28,1,1,0.35538667948938396,17.094851621691845,False
F1,28,2,3,0.27495100677835665,2.549027182523986,False
F1,28,3,2,0.07774864618338859,12.074331985521667,False
F1,29,0,2,0.5503788522826226,15.064688303523695,False
F1,29,1,3,0.28554538421559944,18.12191324953153,False
F1,29,2,1,0.04314248213565199,16.774125699334064,False
F1,29,3,0,0.12152110959551596,3.2432103217524286,False
F1,30,0,0,0.06575696076202818,6.165072841421448,False
F1,30,1,1,0.1629008347892106,11.985946991028271,False
F1,30,2,3,0.3922728508859686,0.8909511721874992,False
F1,30,3,2,0.27298750528132015,9.19046231298529,False
F1,31,0,2,0.26807314454096,15.108979518175943,False
F1,31,1,3,0.11743343350613637,0.7473005762058662,False
F1,31,2,1,0.019708238301289756,7.215329527974831,False
F1,31,3,0,0.07067589911874965,8.598605850480283,False
F1,32,0,3,0.14001406966500088,9.426748776370147,False
F1,32,1,0,0.10837304331668897,12.939600044388584,False
F1,32,2,2,0.2067998464245632,31.36359376571402,False
F1,32,3,1,0.4971306784524312,10.51001639259502,False
F1,33,0,1,0.35702149806422523,2.356442130502529,False
F1,33,1,2,0.17794307631222614,10.21485234607161,False
F1,33,2,0,0.5048895751365442,4.468561787839036,False
F1,33,3,3,0.27921167957206583,9.289897795150125,False
F1,34,0,3,0.2163043830125063,0.879048860056173,False
F1,34,1,0,0.32037853221577844,4.187438076284195,False
F1,34,2,1,0.2182354017506823,0.22441133499575727,False
F1,34,3,2,0.1314385952946656,25.13315630837181,False
F1,35,0,2,0.20443216769463482,18.766123823549425,False
F1,35,1,0,0.07155591748771677,13.05641746922879,False
F1,35,2,3,0.33826523357494925,24.654979810010786,False
F1,35,3,1,0.09400936367699053,10.657291016631568,False
F1,36,0,1,0.3407934865319235,6.275365387635361,False
F1,36,1,3,0.24632814028969055,9.44296869969699,False
F1,36,2,0,0.2214103225475937,10.93611960399565,False
F1,36,3,4,0.26621231555325336,27.5042526014793,False
F1,37,0,3,0.5659175893197592,23.03398664798468,False
F1,37,1,0,0.10566486642908837,4.261451859805135,False
F1,37,2,2,0.11203048961095266,8.465936585939687,False
F1,37,3,1,0.3992592112795242,5.794983239684882,False
F1,38,0,1,0.33429698801374497,0.49139465610196,False
F1,38,1,2,0.1913167017262602,6.2787479538361595,False
F1,38,2,0,0.2291683135190466,19.41170499956354,False
F1,38,3,3,0.24468844283280466,24.547158802265454,False
F1,39,0,2,0.14889883818202843,21.75930190997901,False
F1,39,1,0,0.1529111746550337,24.695886143460882,False
F1,39,2,1,0.3065155361535498,33.6915311549177,False
F1,39,3,3,0.23413422623043584,11.8597724786761,False
F1,40,0,3,0.14023687807651117,2.7163984378667294,False
F1,40,1,1,0.1430515283889104,21.399466763097763,False
F1,40,2,0,0.1662435600227407,1.515046420819857,False
F1,40,3,2,0.03366776874812484,35.258879268241685,False
F1,41,0,2,0.237942959364193,35.15036302140564,False
F1,41,1,3,0.18504745985750853,16.61498639274442,False
F1,41,2,0,0.32810263419943864,18.999640578086314,False
F1,41,3,1,0.3140233414893874,0.12732495606320526,False
F1,42,0,1,0.2573897732932004,15.34029080024078,False
F1,42,1,0,0.22403547345302935,18.52852811690147,False
F1,42,2,2,0.10958924989674482,16.34804555001073,False
F1,42,3,3,0.19619951367986946,4.830641374840795,False
F1,43,0,3,0.20542305105862874,0.3869984522181369,False
F1,43,1,1,0.26350936590720747,61.7214692322397,False
F1,43,2,0,0.1864756016814326,12.132437973664707,False
F1,43,3,2,0.35768398170900106,3.6800439868540344,False
F1,44,0,2,0.12721939720953576,1.6484355383880853,False
F1,44,1,0,0.20526239682845224,9.530681257566954,False
F1,44,2,1,0.12262909490315008,15.876056642509838,False
F1,44,3,3,0.44787449434102994,9.603939223305247,False
F1,45,0,0,0.32469993939204284,11.593692512840306,False
F1,45,1,3,0.2652589981638712,6.644540328695456,False
F1,45,2,1,0.07558186287201733,27.920834586994083,False
F1,45,3,2,0.11874332441664588,4.372839240958712,False
F1,46,0,2,0.3560240412573406,8.045591776216895,False
F1,46,1,0,0.18451854012002758,12.02397943118379,False
F1,46,2,3,0.3444637090260201,4.0952551012914,False
F1,46,3,1,0.24040541245081629,22.64305704876674,False
F1,47,0,0,2.564061007807469,19.612080763502064,False
F1,47,1,3,2.7214824373054105,28.524261022555265,False
F1,47,2,2,2.9335066293791257,31.384821262824687,False
F1,47,3,1,5.282752413061146,1.3358168348839285,False
F2,0,2,0,2.8710374139753334,31.395181939395457,False
F2,0,3,1,3.629129067066293,20.283253228734395,False
F2,0,7,3,0.8531209142353374,60.41315286142496,False
F2,0,8,5,1.397441172760086,73.45059042857007,False
F2,0,10,4,2.4299933707579875,7.301334676948073,False
F2,0,11,2,2.191206887383486,8.496795272410367,False
F2,1,1,3,0.5031801697828141,12.550131211026866,False
F2,1,2,7,0.3994494666356676,17.28115315316427,False
F2,1,3,0,0.38817031922201917,11.566877953551682,False
F2,1,4,4,0.46531828911288964,15.765308761451934,False
F2,1,5,6,0.2899511835419964,2.0950574725903266,False
F2,1,6,2,0.3620475931522958,1.6398019246380215,False
F2,1,7,1,0.18374213333730113,7.130526035025042,False
F2,1,11,5,0.2946938106665261,63.373489025970386,False
F2,2,0,7,0.1350906738322265,5.473454057518069,False
F2,2,2,6,0.5771111410245648,4.389841403043732,False
F2,2,3,3,0.36871991003162347,32.535672289822855,False
F2,2,4,9,0.2787563143377593,9.165683774192331,False
F2,2,5,8,0.2247892686817478,13.036554225309942,False
F2,2,6,4,0.27617859222170665,29.687511584542023,False
F2,2,7,2,0.5168462267699073,11.043511714767874,False
F2,2,8,5,0.16192776079755117,14.035812272282584,False
F2,2,9,1,0.4260054608610557,11.676561618210513,False
F2,2,10,0,0.4472921863512205,2.763755435098574,False
F2,3,0,4,3.1490414954307737,30.150281425718163,False
F2,3,2,3,1.9394919836430524,13.039140409040328,False
F2,3,3,0,2.131015842661159,64.48241710864838,False
F2,3,4,6,2.248973052946059,62.787193356685066,False
F2,3,6,1,1.8400409272701217,29.449063033711155,False
F2,3,8,2,1.891074280026174,25.607296004105137,False
F2,3,10,5,1.7118654493010932,1.828599736637699,False
F2,4,0,1,0.45660301847022744,2.179058805123759,False
F2,4,1,2,0.3379635774086416,2.727911385323125,False
F2,4,2,4,0.11432694146255229,16.171696972726437,False
F2,4,3,3,0.3462942315316994,64.34344010970335,False
F2,4,6,7,0.45353191057328357,4.5426145173652515,False
F2,4,8,0,0.9150138616618503,19.46183032013093,False
F2,4,9,6,0.10047910988241972,4.7905799046711195,False
F2,5,1,1,0.05484301022645859,17.91222171636298,False
F2,5,6,2,0.23541963001737065,2.1858811536047256,False
F2,5,7,3,0.14577667626733712,52.291766478457816,False
F2,6,1,4,0.46684077475645774,61.27640347579808,False
F2,6,2,2,0.2445552666428945,33.2910753494013,False
F2,6,4,8,0.32625754160280795,38.16364627468829,False
F2,6,5,5,0.4393656659083324,6.591361073244485,False
F2,6,6,3,0.36544401910569513,0.48216660300289504,False
F2,6,7,9,0.4224852413204888,9.925416605253247,False
F2,6,8,1,0.32577139127513893,19.842116215417064,False
F2,6,9,6,0.3017788626550224,3.041085025556015,False
F2,7,1,1,0.6480230330240178,25.59944684367875,False
F2,7,2,6,0.4589962372083249,13.487185826162374,False
F2,7,3,3,0.2116186796153985,10.806836372758738,False
F2,7,4,5,0.37873713877127063,4.092836735955586,False
F2,7,5,9,0.3950051892491141,42.04484530590554,False
F2,7,7,2,0.4123353074377951,22.230689146764234,False
F2,7,8,4,0.6220969501627869,89.2194366587795,False
F2,7,9,8,0.1959929081473876,5.0238272431149085,False
F2,7,10,7,0.1940083363264701,20.382659553298026,False
F2,8,0,3,0.3314278827162949,13.26784030658402,False
F2,8,5,2,0.620508601778655,34.230127195359046,False
F2,8,6,5,0.10321921195894783,34.09402126412846,False
F2,8,7,1,0.2462222066302352,16.159183991883538,False
F2,8,8,0,0.03820358036515827,2.283387657896583,False
F2,8,9,4,0.2257170796025064,5.470925403274833,False
F2,8,10,7,0.07768498881441901,13.648074308417321,False
F2,8,11,6,0.28882071562346606,0.12216851722558886,False
F2,8,12,8,0.6028854137311517,39.40934079122485,False
F2,8,13,9,0.3671915537156677,0.9877091794193689,False
F2,9,0,3,0.46762959580767655,7.656230461388418,False
F2,9,1,6,0.12455806594784756,23.634711659900773,False
F2,9,2,9,0.5425505922966012,31.438067138917432,False
F2,9,3,13,0.3223107754083066,12.163602965595373,False
F2,9,4,10,0.39500980581383366,11.12255303462635,False
F2,9,5,8,0.15633334422345668,14.908378561428421,False
F2,9,6,7,0.2504982584742778,21.141779517542204,False
F2,9,7,5,0.4935012145468647,1.1401772543667335,False
F2,9,8,11,0.1619729411023572,22.612473092356936,False
F2,9,10,14,1.2290741420024653,6.133807814411483,False
F2,9,12,2,0.40350314610518734,32.35563668968774,False
F2,9,13,4,0.9263365075006987,22.28549911068842,False
F2,9,14,1,0.46706548680642124,21.98254569279976,False
F2,9,15,0,0.5267134912783896,34.28509918163536,False
F2,9,16,12,0.0731360106847941,6.222671419249195,False
F2,10,5,4,0.10564990733627933,28.23691556690403,False
F2,10,6,5,0.13226551468533582,6.438448737483014,False
F2,10,13,3,0.2956296307841878,14.285590006429857,False
F2,10,14,2,0.5140229942532358,13.064454056013346,False
F2,10,15,0,0.5585917493115834,55.02618609945122,False
F2,10,16,1,0.4044313850493157,31.063258649936188,False
F2,11,0,9,2.215914096762571,4.184529162246633,False
F2,11,1,7,4.270864825488251,59.87091395149156,False
F2,11,2,11,4.519394510852574,55.8503916034491,False
F2,11,3,10,4.052381241591928,26.360445240474434,False
F2,11,4,2,2.069056831120378,84.67918480600311,False
F2,11,5,8,2.77705741906094,66.55221548160247,False
F2,11,6,6,3.323862271274632,74.19707616321182,False
F2,11,7,4,3.089178539659201,76.13115603987688,False
F2,11,8,3,3.8577596998514223,67.56112790255284,False
F2,11,9,13,3.258245118400217,72.75142033355324,False
F2,11,10,1,2.1367118573976605,51.36602673287025,False
F2,11,11,0,0.7856047226355567,41.033947515382266,False
F2,11,13,14,1.4388582976363473,84.06201077737272,False
F2,11,15,5,1.8274223455100191,55.689172423212426,False
F2,12,0,1,1.4324754051704816,58.38921207080364,False
F2,12,1,2,1.8606191776249497,67.68084189669761,False
F2,12,2,3,1.2935845006749835,42.8120513482402,False
F2,12,3,5,1.588519519322277,56.45510260580856,False
F2,12,4,14,1.7485241467998778,68.25701761217914,False
F2,12,5,11,12.136945932716522,39.575139918918126,False
F2,12,6,13,1.7215374931829628,74.91130674135874,False
F2,12,7,6,4.483580083132891,78.73823547128204,False
F2,12,8,10,2.047126141216907,64.71253755464079,False
F2,12,9,12,2.082390219039685,88.98457019518355,False
F2,12,10,9,12.129041464017936,87.40138712062563,False
F2,12,11,7,10.823855788551525,56.46087639581467,False
F2,12,12,8,3.695896391391029,68.5479952552668,False
F2,12,13,0,6.369490805802957,81.73077105381088,False
F2,12,14,4,9.45782500367959,63.703554625019265,False
F2,13,0,10,4.884577007193308,48.06642301669629,False
F2,13,1,11,1.7029779366552045,75.96260169783956,False
F2,13,2,5,0.07162765708230473,44.089541941534634,False
F2,13,3,6,0.45949236103095714,54.648200084554915,False
F2,13,4,3,0.8030889753473242,75.52902390431007,False
F2,13,5,2,2.9186460708478927,84.25708205939404,False
F2,13,6,0,4.0587060999467015,66.81662780670402,False
F2,13,7,1,3.411542848535705,79.23709878985356,False
F2,13,8,8,0.40616039683049987,74.98758067507953,False
F2,13,9,7,0.5944993477323683,74.45837572633604,False
F2,13,10,4,10.062129889125394,66.49575752144872,False
F2,13,11,9,0.5883023180486572,,False
F2,14,0,4,8.603383087129439,75.35372972346296,True
F2,14,2,2,12.39233300674827,80.72677175661362,True
F2,14,3,0,11.740538400021526,60.753867776176534,True
F2,14,4,6,14.78324872599073,51.55641360526408,True
F2,14,5,11,11.45016207279434,86.79188084453605,True
F2,14,6,10,8.623772967353142,77.83775181341537,True
F2,14,7,5,4.2684639559837905,55.92228518293237,True
F2,14,8,3,7.657178845002587,48.7293182883524,True
F2,14,9,7,5.3047316264255695,14.404767848037636,True
F2,14,10,8,3.0530746820753487,2.7867527479331216,True
F2,14,11,9,4.224462936145064,,True
F2,15,2,6,0.9640348966160995,85.71594378478837,False
F2,15,3,3,0.7863556547413252,82.36527424807215,False
F2,15,4,0,0.31419311993177346,35.027243945435146,False
F2,15,5,4,0.6024419972248475,43.81489943506131,False
F2,15,6,7,0.7647471147095046,34.88468799468342,False
F2,15,7,8,0.8128593012463732,58.552392049432484,False
F2,15,8,1,0.49504939554717237,18.927999314750224,False
F2,15,9,5,0.6949630675749905,75.98526101952282,False
F2,15,10,2,0.28997987034053485,78.83465590324278,False
F2,16,0,4,7.834456898715383,84.17267548679587,False
F2,16,1,7,6.632949518158763,88.84028356694292,False
F2,16,2,0,7.866659040143618,53.221162635674204,False
F2,16,3,8,13.094798533485124,20.16755375966727,False
F2,16,4,1,11.284473464721062,64.05585583894654,False
F2,16,5,6,11.493969081423197,88.4334307910892,False
F2,16,6,5,6.3685054646051205,64.04355980446591,False
F2,17,0,1,12.111703594648802,56.38771441821708,False
F2,17,1,5,3.4105958108349195,67.1148831817934,False
F2,17,2,2,13.875529159792604,73.96098453210416,False
F2,17,3,0,3.5714712470417553,37.65465789520209,False
F2,17,4,3,5.004211308602105,42.16541384479879,False
F2,17,5,4,2.0468942747728476,74.02967373113233,False
F2,17,6,6,6.902924242353615,64.66352312446067,False
F2,18,0,4,13.948635202763029,85.02303540266848,False
F2,18,1,1,7.1599877950974316,36.98948115406054,False
F2,18,2,5,0.43091576800367665,18.263885613574985,False
F2,19,0,13,0.6558646318813252,76.35369005283097,False
F2,19,1,0,0.5718852332325953,87.79330661346705,False
F2,19,2,8,0.4600883391355538,76.25887156956455,False
F2,19,3,11,4.39966273304963,88.80727106693638,False
F2,19,4,7,1.5009162518153296,81.38254790441952,False
F2,19,5,9,4.315077772907281,81.10568556685219,False
F2,19,6,12,1.2022307578921145,80.18114604616537,False
F2,19,7,2,2.061914542405156,86.50344270080024,False
F2,19,8,10,5.2565236987167,58.29061130918845,False
F2,19,9,14,3.8229335156963833,35.99818950717551,False
F2,19,13,3,1.2899773949573623,59.50717679857533,False
F2,19,14,5,0.22518415970158207,2.790343903261146,False
F2,19,15,6,4.495036816346078,80.50259607212993,False
F2,19,16,4,0.7295995068173952,80.66029817174899,False
F2,19,17,1,1.166107008354883,54.38756829732013,False
F2,20,0,6,10.203576798863255,75.53457929937534,False
F2,20,1,4,0.6502228513286055,68.43609753773197,False
F2,20,3,9,9.429297647330914,85.08161219423071,False
F2,20,4,7,3.064000373849032,82.72159801658799,False
F2,20,5,12,4.5493177675386205,77.19094631724992,False
F2,20,6,13,2.3696898830765765,28.87011538466973,False
F2,20,7,11,10.21139272821527,70.88057917252121,False
F2,20,8,0,0.4368585890010351,85.25036349276928,False
F2,20,9,8,0.7639192405976117,80.80497592341543,False
F2,20,10,10,6.701420372633223,68.28805856232508,False
F2,20,11,14,5.012569915200988,48.96416723192914,False
F2,20,14,3,0.5796920403499967,50.15721908204557,False
F2,20,15,2,7.002786728356664,51.50019726483505,False
F2,20,16,5,1.9574631093087937,37.816655626577685,False
F2,21,2,7,11.268430268769654,83.76651747244522,False
F2,21,3,12,12.480545174669771,61.444830146874736,False
F2,21,4,6,9.850995291827596,86.8649387598667,False
F2,21,5,4,0.8512170343444367,72.03534193104804,False
F2,21,6,13,2.707889364268536,55.50369769203591,False
F2,21,7,0,3.1088736636120005,40.629552973381806,False
F2,21,8,9,14.179587051406624,76.59908431831084,False
F2,21,9,8,5.068667695152055,71.25907482459888,False
F2,21,10,11,3.574869120665763,64.49079343797345,False
F2,21,11,10,6.391435785442668,58.88980223415592,False
F2,21,12,14,8.420191388596276,31.40119551556012,False
F2,21,13,2,8.89308205422389,19.91467933707422,False
F2,21,14,5,1.524407393323134,42.3475949610347,False
F2,21,16,3,2.60354856071529,67.65645543413419,False
F2,22,3,6,10.37311415834838,75.93196347090365,False
F2,22,4,4,0.26909763345816595,81.02039832756178,False
F2,22,5,7,13.57281794634782,60.903366600946015,False
F2,22,6,0,3.5603972373742487,55.58850855519782,False
F2,22,7,13,0.9474174292140216,54.505365093907216,False
F2,22,8,8,5.301567561727346,66.29091977217844,False
F2,22,9,10,8.875610403469786,4.176944065155482,False
F2,22,10,11,2.8050306485269134,59.49219290498383,False
F2,22,11,9,3.359969584044548,89.45728640163809,False
F2,22,12,2,8.408074936335254,74.99396940634506,False
F2,22,13,14,10.417916624856476,70.96782932881794,False
F2,22,14,5,3.22127802032614,45.33050696602399,False
F2,22,15,3,1.4725009044328297,17.288754818364282,False
F2,23,0,9,0.26230030843419505,73.70545401588625,False
F2,23,1,4,0.3234375103052461,87.28032522828397,False
F2,23,2,5,0.12785363395455526,87.52546275135869,False
F2,23,3,1,0.5338848331830877,89.26533610524874,False
F2,23,4,8,0.6446059151334206,80.05817915075406,False
F2,23,5,3,0.20141119442646693,77.78093279230356,False
F2,23,6,7,1.2430768387857916,23.214483740170635,False
F2,23,7,0,0.38783899830851204,85.65247196666752,False
F2,23,8,2,0.7335059403507904,69.8516998007021,False
F2,23,9,12,0.3296229504514591,84.24886941201079,False
F2,23,10,10,0.3393193322446143,86.88245899129015,False
F2,23,11,11,0.2160232144960416,80.8330515476282,False
F2,23,12,6,0.4318130203376244,85.23101669835094,False
F2,24,0,1,0.09555876792585512,9.210158859595083,False
F2,24,1,4,0.3707355277387053,6.824878767835401,False
F2,24,2,3,0.04816780183275146,30.630186035492983,False
F2,24,3,0,0.3617522207749405,8.425264636772653,False
F2,24,4,2,0.4098508178471277,16.644095493250944,False
F2,24,5,5,0.36931803037659355,4.4026509184269855,False
F2,24,6,7,0.406539321069159,7.183083308682427,False
F2,24,7,8,0.5621583421668033,18.141851013109232,False
F2,24,8,6,0.13434890156044685,4.273253325921473,False
F2,24,9,9,0.6887088984820267,14.249945241101187,False
F2,25,1,0,8.140021012523931,83.88530951496489,False
F2,25,2,2,3.6986950482289203,57.24559350197805,False
F2,25,3,3,0.7183130370342524,57.32968022586144,False
F2,25,4,1,0.34813284675686446,0.694995924345676,False
F2,25,5,4,0.3641873587300881,16.8433291218154,False
F2,25,6,6,0.5815168774166039,17.83723629676612,False
F2,25,7,7,0.6928033322887126,20.516949197519637,False
F2,25,8,5,0.37723617449219526,3.595996148865794,False
F2,25,9,8,0.7411388588256648,0.36222006285370867,False
F2,28,0,0,7.322544206257611,42.168406659983845,True
F2,28,1,1,8.856712773500547,65.05350019471155,True
F2,28,2,8,11.514017548885361,61.9385858564024,True
F2,28,3,7,7.587257420154822,65.70029675825069,True
F2,28,4,6,4.468578137126835,85.08847549567876,True
F2,28,5,5,2.1645497518650876,88.37296288829671,True
F2,29,0,9,6.005262794329715,14.236967502797313,False
F2,29,1,5,3.88142046684273,50.70473939675105,False
F2,29,2,6,9.49164222621811,71.85504112504242,False
F2,29,3,8,10.865356639692154,89.07432234290349,False
F2,29,4,1,13.57524809442663,51.08066184284263,False
F2,30,1,2,12.639088735431258,81.14163748245163,False
F2,31,4,0,13.999494291503543,46.72455461415248,False
F2,31,5,3,9.312588184812958,86.79285217675711,False
F2,32,0,2,5.043702935365268,84.68717607901138,False
F2,32,1,0,2.7934655718093153,77.51349572639012,False
F2,32,2,12,3.8790432304132434,18.97447402304229,False
F2,32,5,3,14.053512084989046,85.92403359366045,False
F2,33,0,5,0.6547624238454254,73.09771246372358,False
F2,33,1,4,0.5420030397601543,72.75612783346332,False
F2,33,2,0,5.828462788840621,89.64477683472728,False
F2,34,3,5,13.485854269012329,87.43080349040038,True
F2,34,4,1,14.439651670696094,84.49385962680742,True
F2,34,5,4,12.139711065552397,81.8024767975123,True
F2,34,6,3,8.693419283378926,81.81182383047008,True
F2,35,2,11,2.576037782865362,67.50898700430888,False
F2,35,3,4,2.1344426546499893,87.70280437966198,False
F2,35,5,3,3.3926121787510004,72.18323261682025,False
F2,35,9,7,5.841919354624916,78.19533301062262,False
F2,35,10,8,6.933076220692769,81.42933975710916,False
F2,35,11,9,9.071451914736274,76.73431104079334,False
F2,35,12,5,4.609925142070604,29.808158127424235,False
F2,35,13,10,4.176887443747436,65.17128483375393,False
F2,35,14,2,4.517451192812573,77.52512499111702,False
F2,35,15,0,2.654748871096873,58.80955835197604,False
F2,35,16,1,4.789001453729188,37.081172358747494,False
F2,35,17,6,6.666075003006727,53.7865933706983,False
F2,36,0,15,0.3328572691444986,19.27089506862208,False
F2,36,1,4,0.17030251119228346,0.5052429745051654,False
F2,36,2,6,0.7239085891830263,28.812425004611583,False
F2,36,3,3,0.18965589992221343,3.885698026725237,False
F2,36,4,14,0.3803903673995498,7.141731894030471,False
F2,36,5,9,0.11137860172516495,9.695200419924788,False
F2,36,6,10,0.3692398458168365,6.753551204909229,False
F2,36,7,13,0.1988391052181025,13.779710817323007,False
F2,36,8,11,0.36695258160085,15.993011844099698,False
F2,36,9,8,0.4646854474739027,2.1947281787935538,False
F2,36,10,12,0.12032346825425952,10.094383826065894,False
F2,36,11,1,0.3281212320334615,16.101885878048307,False
F2,36,12,7,0.18894699530963785,31.729260260299327,False
F2,36,13,0,0.17744024527725177,1.5428560881926074,False
F2,36,14,5,0.049099242673057215,5.183884604695265,False
F2,36,15,16,0.6049564096478547,2.5784873500703043,False
F2,36,16,2,0.06536305997352479,5.681242935947964,False
F2,37,0,14,0.3392919095338801,10.973879638087055,False
F2,37,1,17,0.17857812931014497,12.739291687326983,False
F2,37,2,4,0.17656137473036865,0.9763258495318325,False
F2,37,3,3,0.5011794025602878,10.11054939510646,False
F2,37,4,5,0.5633035855807201,20.786987327678474,False
F2,37,5,12,0.7058036486310224,4.656704039888723,False
F2,37,6,7,0.20173841371003623,4.668980365276383,False
F2,37,7,9,0.14951674566362125,12.974593340248731,False
F2,37,8,8,0.23083962862043697,2.30493047806101,False
F2,37,9,11,0.6026037456555151,1.5648848951913976,False
F2,37,10,16,0.49259396361431906,5.0428702692689455,False
F2,37,11,10,0.4537116933912636,12.076511116237896,False
F2,37,12,1,0.3471198673490288,46.16915714130454,False
F2,37,13,6,0.35738021231718664,11.935398522412356,False
F2,37,14,13,0.1373938468748243,18.52495908729361,False
F2,37,15,0,0.34941803966896223,7.478131814595557,False
F2,37,16,15,0.39277377717304235,25.307980048582905,False
F2,37,17,2,0.3717935987828231,5.444927133570502,False
F2,38,0,14,0.0785014120974795,14.428884852486874,False
F2,38,1,17,0.4046260742155348,4.919806512070494,False
F2,38,2,4,0.5476184160211744,16.068873578550523,False
F2,38,3,5,0.5783893294618118,12.969491872695954,False
F2,38,4,3,0.09809783661131684,3.3099151409884087,False
F2,38,5,12,0.2833452578731374,7.273307717373456,False
F2,38,6,7,0.34843590028090754,5.485913046469733,False
F2,38,7,9,0.1438536576871923,5.257287003008429,False
F2,38,8,8,0.528682808397443,5.130916569504592,False
F2,38,9,11,0.16243475574644653,12.693612661514862,False
F2,38,10,15,0.15072767755500763,9.505134310155142,False
F2,38,11,10,0.33582014756244555,4.334593407787025,False
F2,38,12,2,0.12271155324998816,5.184081516661081,False
F2,38,13,1,0.34715933462194354,82.62206304978605,False
F2,38,14,6,0.3925205593177341,22.086085304323944,False
F2,38,15,13,0.30046728649289595,7.322299184059062,False
F2,38,16,0,0.6658520304929747,17.74936020926107,False
F2,38,17,16,0.2236553856973617,5.81119875909404,False
F2,39,0,13,1.3612055039546016,19.58875258053581,False
F2,39,1,15,1.0311726945390953,3.6818114808324083,False
F2,39,2,17,1.2080122563017683,0.3400963883046302,False
F2,39,3,4,1.3571650451657138,14.152145352420177,False
F2,39,4,3,1.0208124019099332,4.705561934924106,False
F2,39,5,11,0.9845082207225976,13.133188917267745,False
F2,39,6,6,1.11585274439263,5.417154713978988,False
F2,39,7,8,0.7393203387491584,1.298711945284765,False
F2,39,8,7,0.883522272701959,4.9789281302302015,False
F2,39,9,10,1.1557512059558002,19.712424830493234,False
F2,39,10,14,1.432590778148519,9.756024230682613,False
F2,39,11,9,1.491510932994282,0.9778364421333094,False
F2,39,12,2,1.0737214821264995,20.141808705283154,False
F2,39,13,1,1.338236335977258,79.69680029469976,False
F2,39,14,5,1.2220903831073735,0.11020462081935989,False
F2,39,15,12,1.3452815215225047,8.910155377457613,False
F2,39,16,0,1.133964048664902,2.270702394744177,False
F2,39,17,16,1.4223785616849307,9.893594137156413,False
F2,40,0,11,0.24227193269836578,31.965800664108002,False
F2,40,1,16,0.21736116187997656,9.274762318434341,False
F2,40,2,14,0.23610356707211738,7.510093757397641,False
F2,40,3,3,0.4005262451732798,1.7662739194165056,False
F2,40,4,4,0.5005918996108504,16.97451544552149,False
F2,40,5,10,0.12268537838163299,12.047773963516278,False
F2,40,6,6,0.48997907869033397,1.49155073537122,False
F2,40,7,8,0.08574295802010728,4.124706590076443,False
F2,40,8,7,0.08756935573414754,5.445968102552058,False
F2,40,9,17,0.48975177770738604,5.086604721885806,False
F2,40,10,12,0.7227792400413819,10.318140283323913,False
F2,40,11,9,0.39614715626994185,6.481585133625515,False
F2,40,12,1,0.3849495087282409,24.693158221083053,False
F2,40,13,5,0.1866553367468768,1.9184815874112928,False
F2,40,14,2,0.43168683321008217,10.000644455635069,False
F2,40,15,15,0.1667746387246047,3.3976059012529163,False
F2,40,16,0,0.6054790157275326,16.78067798018536,False
F2,40,17,13,0.33403438781886674,8.557406298276248,False
F2,41,0,11,0.20038644208412462,40.50231496905448,False
F2,41,1,15,0.2850316360939112,8.883858109120808,False
F2,41,3,3,0.2481925627382729,14.991443478856581,False
F2,41,4,4,0.31165288130798835,0.44395801751647923,False
F2,41,5,10,0.4511821152813925,1.4664765929546206,False
F2,41,6,6,0.32535065047970907,4.396364117639251,False
F2,41,7,8,0.13578563669186902,12.068571144754856,False
F2,41,8,7,0.3344489711115062,6.827834044658061,False
F2,41,9,16,0.5724519144206385,25.673070780694133,False
F2,41,10,12,0.40603370384578547,2.4023962775308405,False
F2,41,11,9,0.19286814576814412,8.365206167209266,False
F2,41,12,1,0.14264600848638487,3.8294646860755392,False
F2,41,13,5,0.36333287337129117,1.4095336157984946,False
F2,41,14,2,0.2605970143449069,9.524782240722914,False
F2,41,15,14,0.6321119464842614,2.051672263641592,False
F2,41,16,0,0.45586340867559977,3.68769242673676,False
F2,41,17,13,0.14038539171781989,17.138988282680927,False
F2,42,0,6,0.5390149842494013,6.569489951473287,False
F2,42,2,9,0.3782380400290455,23.575363509861035,False
F2,42,5,5,0.4456594962882185,16.51872502722648,False
F2,42,6,10,0.22563511341264628,21.170213240186854,False
F2,42,7,11,0.3447510126350181,16.145692601578332,False
F2,42,8,4,0.4523542920712698,24.251727713829496,False
F2,42,9,14,0.18339403654129763,5.30072671045599,False
F2,42,10,13,0.5034178799641725,3.799795106190686,False
F2,42,11,12,0.15830232875764663,6.850615641002662,False
F2,42,12,1,0.3063885818720273,25.89180061561521,False
F2,42,13,3,0.4183801680088303,11.614055656335665,False
F2,42,14,2,0.15003798703033397,10.580402082103546,False
F2,42,15,8,0.22916111999133393,0.7734919939663598,False
F2,42,16,0,0.6026091133100094,13.510982766470164,False
F2,42,17,7,0.15836738489134689,16.248229486854612,False
F2,43,0,6,0.5420895580877705,2.8313340813853642,False
F2,43,2,13,0.3531436433569565,17.832544769568727,False
F2,43,4,14,0.7285811051058325,2.114183680891074,False
F2,43,5,5,0.17245859033249866,1.1854090012027427,False
F2,43,6,9,0.34094263405813596,21.270531172366645,False
F2,43,7,4,0.2714857118929287,17.30252847609532,False
F2,43,8,10,0.213402712859313,3.495709321824961,False
F2,43,9,12,0.3062474373702107,0.4470451634681467,False
F2,43,10,15,0.6205539434797632,18.350646486087868,False
F2,43,11,11,0.4365490112173465,25.52579819819863,False
F2,43,12,2,0.40593712855960024,18.29231327029207,False
F2,43,13,1,0.3839908000766303,6.085197846900542,False
F2,43,14,3,0.6868195775456478,1.180472870801566,False
F2,43,15,8,0.11263534776399756,2.886488725879474,False
F2,43,16,0,0.4194145422644854,6.556886464036836,False
F2,43,17,7,0.17489804093076544,13.360135571682477,False
F2,44,1,13,0.30127249078874185,4.8958025871519055,False
F2,44,2,14,0.3726162253813214,1.3003535711339396,False
F2,44,4,6,0.4758503716595252,4.711448242730285,False
F2,44,5,9,0.21435835174297127,9.690523017449493,False
F2,44,6,4,0.29407025631409683,0.6198986012192051,False
F2,44,7,10,0.23768242153693658,21.819916863462055,False
F2,44,8,12,0.7014479172406183,9.423458048136808,False
F2,44,9,15,0.4438529299238639,23.816162997652214,False
F2,44,10,11,0.5077026222730017,2.8592260460633554,False
F2,44,11,5,0.355565614913841,20.346522831959277,False
F2,44,12,1,0.12832621580643158,9.594968023210924,False
F2,44,13,2,0.39859659520046237,24.789628761984204,False
F2,44,14,3,0.651145346833649,12.884229794878422,False
F2,44,15,8,0.02987395048901019,3.285663703142916,False
F2,44,16,0,0.3327685492517228,4.951904614109026,False
F2,44,17,7,0.360702750096015,13.681532709260665,False
F2,45,0,6,0.36825619981133034,1.8437923499542137,False
F2,45,1,9,0.38823045900938546,3.224204989762171,False
F2,45,3,13,0.48123366120110106,4.918701143677453,False
F2,45,5,14,0.5492771253667356,1.140660752528305,False
F2,45,6,5,0.29897964600039006,8.088819962279558,False
F2,45,7,4,0.22933044972051955,5.500000300079165,False
F2,45,8,10,0.2667240667018968,1.5850273112454545,False
F2,45,9,12,0.3684022241343857,11.656250121241555,False
F2,45,10,15,0.4561638621486383,8.762111959015755,False
F2,45,11,11,0.6491330576286896,1.6080610738513315,False
F2,45,12,2,0.4287872098037895,11.293756813144256,False
F2,45,13,3,0.49487708940300223,25.715645551984522,False
F2,45,14,1,0.4892932722679198,1.9585428770761268,False
F2,45,15,8,0.3955112487663618,6.404314381830801,False
F2,45,16,7,0.33823009590509195,5.299405578374518,False
F2,45,17,0,0.5351174065158552,16.3887329357604,False
F2,46,0,0,0.7447844792149367,6.009797732183557,False
F2,46,1,7,0.980089049216699,24.11846944092541,False
F2,46,2,8,0.5609047973024881,6.417147494960517,False
F2,46,3,2,0.5484334715746315,7.0687709106863394,False
F2,46,4,1,0.7866756282469541,32.81354056430402,False
F2,46,5,3,1.4714558582385784,16.400054968800475,False
F2,46,6,9,0.5661074117736229,1.8871184116947006,False
F2,46,7,6,0.3838894410128241,3.833511057809318,False
F2,46,9,13,0.20143326239832846,33.70005725657472,False
F2,46,11,14,0.6273090774059442,14.145510043795127,False
F2,46,12,5,0.36174798176055173,23.969578480470773,False
F2,46,13,4,0.9828113209095416,2.9558846463955604,False
F2,46,14,10,0.6436154450378112,25.245235045196125,False
F2,46,15,12,0.9540857819420197,17.266596086992564,False
F2,46,16,15,0.6705784469013965,1.7861004276739436,False
F2,46,17,11,0.9140600213879521,0.8887502045463691,False
F2,47,0,9,1.1686779279858908,,False
F2,47,1,6,0.6189304527394663,6.822506880576924,False
F2,47,2,15,0.33296402838477485,6.487033083941498,False
F2,47,3,16,0.7177858729646066,29.493048270088195,False
F2,47,5,13,0.8766312265079153,6.923094338257698,False
F2,47,6,5,0.46175570655728504,1.3722114759526391,False
F2,47,7,4,0.30270560565550525,7.8282150770425005,False
F2,47,8,10,0.18344220081747548,1.2640434933569225,False
F2,47,9,12,0.9535452617779858,10.885642326160394,False
F2,47,10,14,0.16323180798717132,10.104848394126407,False
F2,47,11,11,0.6776877329767939,8.098326732615448,False
F2,47,12,1,0.34518528044580277,35.05889791533275,False
F2,47,13,2,0.12282902502194466,2.6554712622062056,False
F2,47,14,3,0.47770170740782325,9.038387654607334,False
F2,47,15,8,0.30641052894589194,7.794704293507863,False
F2,47,16,0,0.37135181216153457,11.349799588421632,False
F2,47,17,7,0.3910806340702032,12.498319718796523,False
F2,48,0,8,0.5793254266228868,,False
F2,48,1,5,0.3025046402378624,22.561454714636483,False
F2,48,2,13,0.379038732738641,10.39860271622993,False
F2,48,5,12,0.5487267435384525,0.29278810371062036,False
F2,48,6,4,0.7280896256695003,8.714599979727382,False
F2,48,7,14,0.04716137379252272,3.8828647444895523,False
F2,48,8,9,0.2692281341920465,0.8182975906018157,False
F2,48,9,11,0.4081612110523159,0.9364029327397816,False
F2,48,10,15,0.728796418904747,8.412249870397346,False
F2,48,11,10,0.35857813059321253,26.957665545367234,False
F2,48,12,1,0.3593788285537315,13.866450167910841,False
F2,48,13,3,0.4575179000997478,15.439156094818998,False
F2,48,14,2,0.5117952787584575,9.87148368182909,False
F2,48,15,7,0.08174430325875395,3.9196287411504613,False
F2,48,16,6,0.10846290445662081,17.65198929968014,False
F2,48,17,0,0.4977949008772197,18.49514026626929,False
F2,49,0,4,0.36186682217639066,10.331465933892844,False
F2,49,1,10,0.4984198445979623,27.943682254122507,False
F2,49,6,7,0.40701500070007873,3.215437409943547,False
F2,49,7,9,0.17105878941404268,8.015783339898348,False
F2,49,10,8,0.39888176757022065,0.3781188683119012,False
F2,49,11,1,0.3309159650292573,38.698279749693484,False
F2,49,12,3,0.5670641366848191,5.7809801455152865,False
F2,49,13,2,0.11133449883334864,5.6449299216968285,False
F2,49,14,6,0.37974514780016455,1.364244271743587,False
F2,49,15,0,0.2544578417175469,0.06391076240262805,False
F2,49,16,5,0.35193178821765986,17.43471267987708,False
F2,50,0,4,0.07356314363206883,6.214554876529689,False
F2,50,1,6,0.40078971835207844,6.959301365694614,False
F2,50,3,8,0.36924541436840663,12.112515477613726,False
F2,50,5,9,0.6648505147146443,8.20845449654368,False
F2,50,6,13,0.4777947252043897,1.3375404789128993,False
F2,50,7,7,0.40463597876459495,8.568163321978915,False
F2,50,8,12,0.36307288472747956,0.5772502110434914,False
F2,50,9,14,0.04662698310261337,20.013732225802386,False
F2,50,10,11,0.3488426266995321,32.04574344298982,False
F2,50,11,1,0.11697916506789047,23.51253219272776,False
F2,50,12,3,0.8042214418258153,2.420836879995676,False
F2,50,13,2,0.47594093176181196,1.0872338973231166,False
F2,50,14,5,0.1649995430385157,5.6250574045366335,False
F2,50,15,0,0.6567955086615942,20.644163055636966,False
F2,50,16,10,0.3675061148115644,14.727368430286162,False
F2,51,0,4,0.256185188879929,1.0030416904082244,False
F2,51,1,8,0.3160609339832643,15.356211308187795,False
F2,51,3,14,0.5370318536341896,35.53308768939496,False
F2,51,4,9,0.6224734427331525,18.705510303281926,False
F2,51,5,13,0.5193125408472016,7.295283215753159,False
F2,51,6,6,0.37195879345933436,3.420094673092251,False
F2,51,7,7,0.2555144912636931,2.053187152820783,False
F2,51,8,12,0.3303833209563005,9.441447499567914,False
F2,51,9,15,0.2644399807362977,10.653259111088971,False
F2,51,10,11,0.12964179597863396,16.033606891303577,False
F2,51,11,1,0.8570988064853694,37.842360311287564,False
F2,51,12,3,0.5953481861272183,19.409446457637898,False
F2,51,13,2,0.2769412268813924,2.174025201173265,False
F2,51,14,5,0.2892113250346962,1.4754414770679602,False
F2,51,15,0,0.47013811863024363,18.19302336094765,False
F2,51,16,10,0.11682934327231592,0.8091606157694997,False
F2,52,0,3,0.11409677237348148,16.686634138162844,False
F2,52,1,8,0.5698504058374354,9.305060442864374,False
F2,52,2,12,0.21253794023453051,2.5439777785895217,False
F2,52,3,5,0.15958733581236298,7.31289914343904,False
F2,52,4,6,0.15110456253240057,12.382221736211193,False
F2,52,5,14,0.15246207005978174,32.547005415537484,False
F2,52,6,11,0.5109263019964233,16.541861903386405,False
F2,52,7,10,0.1570700529902079,10.30953551388967,False
F2,52,8,2,0.2041935729634943,1.7995764075508163,False
F2,52,9,1,0.4631447840036578,48.30966488869001,False
F2,52,10,15,0.43190385608680115,21.313548744131708,False
F2,52,11,4,0.1038359945114984,7.463022897034989,False
F2,52,12,0,0.2600760660785237,18.79397625074455,False
F2,52,13,9,0.3324964247537,13.985797370458855,False
F2,52,14,13,0.3542212920352278,0.9073886048371662,False
F2,52,16,7,0.5948302142979238,27.051035510978124,False
F2,53,0,3,0.23150655249772947,1.2397317564410173,False
F2,53,1,7,0.3821288673662822,28.502325324570933,False
F2,53,4,8,0.26936501580910993,2.3604887576086355,False
F2,53,5,14,0.3222700183784649,10.376158003441645,False
F2,53,6,5,0.4208562160638076,17.921745784416174,False
F2,53,7,12,0.27606774532685746,16.975876172550898,False
F2,53,8,6,0.12930812222402355,13.867841392107977,False
F2,53,9,11,0.22651958805975805,21.421401521489457,False
F2,53,10,10,0.28667142820120195,9.99443326754593,False
F2,53,11,2,0.24271177686464654,5.246280271464954,False
F2,53,12,4,0.34474596194304774,2.982146393781818,False
F2,53,13,9,0.24249783323134083,12.446578385176679,False
F2,53,14,0,0.44659639774609716,7.280202841631706,False
F2,53,15,13,0.5078303149441594,14.51012524049267,False
F2,53,16,1,0.470704537005543,24.288850595731674,False
F2,54,0,3,0.8308884538504268,7.667061658846308,False
F2,54,2,9,0.5539042593110908,8.547920931957009,False
F2,54,4,10,0.4003550752837311,11.020616390311972,False
F2,54,5,14,0.5419979024298579,4.918215656819257,False
F2,54,6,11,0.22952760690442617,5.175103085269569,False
F2,54,7,8,0.4304061778694659,24.034788008670233,False
F2,54,8,7,0.9402210966971165,9.940934566017262,False
F2,54,9,12,0.5213945079135056,0.4576429680838885,False
F2,54,10,6,0.08755895114185817,8.831299327419401,False
F2,54,11,1,0.5602265193486351,44.560257352700035,False
F2,54,12,2,0.28306712731891887,25.511196117541886,False
F2,54,13,13,0.24835808421643682,29.779247590793716,False
F2,54,14,4,0.3498406290624185,1.9954319252772734,False
F2,54,15,0,0.3810685896174362,3.9077548948527863,False
F2,54,16,5,0.2278161819548085,5.350089507632049,False
F3,0,0,0,4.671297036150254,89.1722655719346,False
F3,1,1,0,1.4902577562708084,83.22138646550384,False
F3,2,2,0,6.8270511811709,74.91990252899873,False
F3,4,2,0,4.784279908720649,65.31183623671866,False
F3,5,2,0,5.794248392159268,74.54182612673091,False
F3,6,0,1,0.3548063803334005,20.339119987400835,False
F3,6,1,0,0.6861097758965611,4.852475675462301,False
F3,7,1,0,0.5711406572863489,16.935964593753027,False
F3,8,0,1,5.180927286046627,53.90294444744114,True
F3,8,1,2,5.591899874201664,81.87481455112962,True
F3,8,2,0,8.129876400813464,50.45719318389672,True
F3,9,0,0,0.3243955789497456,41.87818052715426,False
F3,9,1,2,0.18422764832247604,74.49886003229344,False
F3,9,2,1,0.3983995765009722,81.25659980580156,False
F3,10,0,0,2.0274937858777875,39.288557474860596,True
F3,10,1,2,1.9450615843286119,87.8101365233947,True
F3,10,2,1,1.3894446149639572,88.60729417754834,True
F3,11,0,0,0.4761943078142183,85.01522755899349,False
F3,11,1,1,0.2400635612272411,84.61805762051134,False
F3,11,2,2,0.3355465908218887,79.52291647728534,False
F3,32,0,1,0.47174404097981426,3.5553301249846356,False
F3,32,3,3,0.4736210854768795,26.279837338544922,False
F3,32,4,7,0.172041936544309,3.5387582691781176,False
F3,32,5,5,0.31017457918546576,9.832045825732735,False
F3,32,6,8,0.3471744672424693,0.7341553873673092,False
F3,32,7,6,0.08822180212702284,39.57269069346046,False
F3,32,9,2,0.2361917771264665,1.6202749346767291,False
F3,32,10,0,0.39037573551625765,20.18247376116628,False
F3,32,11,4,0.2818070729749972,7.541521580644115,False
F3,32,12,10,0.35347513734065195,1.4068991085119649,False
F3,32,14,9,0.41538209802640613,11.317198825236858,False
F3,33,0,9,0.29132904161646245,11.85542036974718,False
F3,33,1,1,0.4770947306305398,5.693241067887072,False
F3,33,2,8,0.7823032726891047,10.721944847736097,False
F3,33,3,3,0.3575054700906242,2.5910830429011185,False
F3,33,4,5,0.284730866562651,15.586906597606742,False
F3,33,5,11,0.3229807271007157,7.450747160411225,False
F3,33,6,6,0.24772546263296588,15.791011312272815,False
F3,33,8,10,0.43359160242786654,44.82129608761602,False
F3,33,9,2,0.2523655776996339,2.3161614881028925,False
F3,33,10,0,0.07979903444934243,13.169582934400893,False
F3,33,11,4,0.052395637749058054,0.0018327590786100245,False
F3,33,12,7,0.28534872347542994,14.195083569686119,False
F3,34,0,8,0.2875998877870486,14.14773008185935,False
F3,34,1,4,0.3171493896039728,4.933262767700171,False
F3,34,2,0,0.20749984815916642,0.8264403611662203,False
F3,34,4,6,0.07748917822360184,9.119499465844342,False
F3,34,5,7,0.07762444513019497,4.4129855695256595,False
F3,34,8,5,0.38765865558638096,0.7089776153082425,False
F3,34,9,1,0.25300161677685384,0.4076067139784243,False
F3,34,10,3,0.5330353206031715,23.193716310859315,False
F3,34,14,2,0.2925668515606631,1.3723925919907742,False
F3,35,0,1,0.45824211509729496,20.32688291708496,False
F3,35,1,8,0.39590485084057275,9.12672321665562,False
F3,35,2,3,0.3740441419280396,1.027371927307911,False
F3,35,3,2,0.6644374167121403,10.855757193355316,False
F3,35,4,10,0.19665328304779842,9.826952894802616,False
F3,35,5,7,0.048054946002359454,3.5656779905084477,False
F3,35,6,13,0.26601188201853304,3.1180398846129265,False
F3,35,7,12,0.09287757750503943,3.5541684748166347,False
F3,35,8,0,0.614657119769736,3.4273814403925655,False
F3,35,9,11,0.495234134944276,1.1825204576836938,False
F3,35,10,6,0.0874122285264343,19.057948288103034,False
F3,35,11,9,0.16653962708373282,0.31604297569992923,False
F3,35,12,5,0.4293042085054434,5.632812420856851,False
F3,35,13,4,0.3859196143509747,5.297647838382119,False
F3,36,0,1,0.2669930622280158,40.555594117778526,False
F3,36,1,3,0.06467637673071777,16.28372968068615,False
F3,36,2,13,0.2726114113698903,7.544212589242562,False
F3,36,3,10,0.11114085079631897,21.764398814421924,False
F3,36,4,7,0.23999455763064978,25.788517184010885,False
F3,36,5,2,0.1647322622720846,7.698227876544138,False
F3,36,6,8,0.8844768702324867,18.11184126679933,False
F3,36,7,11,0.17064584490674894,1.2360201384554728,False
F3,36,8,0,0.3493651677117787,9.27680863001001,False
F3,36,9,12,0.4395323471970732,6.779001552649476,False
F3,36,10,6,0.28934118634458905,14.135183167979676,False
F3,36,11,9,0.754714076438882,21.21536723020307,False
F3,36,12,5,0.21832441030557795,10.311310368486517,False
F3,36,13,4,0.43768108061191985,7.610501978129236,False
F3,37,0,4,0.3136125874002414,0.5584814873141397,False
F3,37,1,12,0.3376216197718912,13.19337312238676,False
F3,37,2,7,0.3782197454302483,2.743857968971753,False
F3,37,3,10,0.22228019337597807,6.120548400690581,False
F3,37,4,0,0.7111261325325037,24.232685742145406,False
F3,37,6,9,0.06838927424516208,4.550303051770925,False
F3,37,7,6,0.0855481905627329,17.89482573826291,False
F3,37,8,2,0.34040388162424634,3.386805341480496,False
F3,37,9,5,0.049625298380916,2.165705203191834,False
F3,37,10,8,0.16255399973133194,8.102194955021076,False
F3,37,11,11,0.10752683657928376,17.807442358998856,False
F3,37,12,3,0.19591971344049697,3.3338804600418825,False
F3,37,13,1,0.05293701020659569,38.4239249525302,False
F3,38,0,9,0.43580169704193333,14.705593275841863,False
F3,38,1,1,0.18779665552997712,5.631384183335058,False
F3,38,2,10,0.17605042302657842,1.2437090207542951,False
F3,38,3,11,0.3446465872004543,8.100281599888064,False
F3,38,4,2,0.4208617463252928,32.30512732122832,False
F3,38,5,0,0.12143574656914466,11.324629288443965,False
F3,38,6,13,0.12725793377931244,7.163902727707466,False
F3,38,7,4,0.7719113981287439,3.9666116834130776,False
F3,38,8,8,0.5878315089196434,33.68509335274936,False
F3,38,9,7,0.35086445674740935,9.6020160774558,False
F3,38,10,12,0.421924605549864,3.4440112516493855,False
F3,38,11,5,0.2690959835698205,1.6382682428539397,False
F3,38,12,6,0.26634112404167826,19.128044137318227,False
F3,38,13,3,0.12616986457540144,7.525481138545786,False
F3,39,0,8,0.2703642032105519,6.032719165845833,False
F3,39,1,0,0.21553395059778926,0.1705032339768593,False
F3,39,2,9,0.16998000034730956,13.647272912274161,False
F3,39,3,10,0.09994391030058664,23.03676159064699,False
F3,39,4,1,0.12184020926205567,1.6959984285292293,False
F3,39,6,11,0.34802571463476134,3.7520046039006445,False
F3,39,7,3,0.3096065161329547,4.568313715127886,False
F3,39,8,2,0.17138128891267657,15.882285864164288,False
F3,39,9,5,0.7276559290381995,10.62424991146213,False
F3,39,10,12,0.32410392946054284,4.57274132527283,False
F3,39,11,6,0.3884624667981916,21.92752321071282,False
F3,39,12,7,0.5221342772401694,8.181090215178358,False
F3,39,13,4,0.34459210274482877,1.7553202828735834,False
F3,40,0,9,0.28363706367847974,19.34569508496576,False
F3,40,1,1,0.06599264018499569,17.946414874801903,False
F3,40,2,0,0.2604627360975333,5.250319751496306,False
F3,40,3,11,0.08195196279444997,8.833130718068503,False
F3,40,4,8,0.13568448586729556,10.64565652002463,False
F3,40,5,6,0.17337444056385096,8.697231679363739,False
F3,40,6,12,0.31173999143630793,5.94107898463642,False
F3,40,7,10,0.21032682797740093,16.95869146577141,False
F3,40,8,2,0.6186981395567567,12.772445128044922,False
F3,40,9,4,0.29712501016093007,0.22192456918122616,False
F3,40,10,7,0.5526197943444955,33.955823019472376,False
F3,40,12,5,0.1108265873172258,6.561913429905644,False
F3,40,13,3,0.36372100210491776,3.7536695750111733,False
F3,41,0,9,0.5970299201820807,13.760369292194298,False
F3,41,1,1,0.07672910891942954,18.165973061598706,False
F3,41,2,11,0.36119812119003203,6.150490345690372,False
F3,41,3,0,0.3000335271566343,6.93444169974547,False
F3,41,4,8,0.27640255464873487,41.99995918847981,False
F3,41,5,6,0.2367840232299767,19.45723868861694,False
F3,41,6,12,0.3264377225766845,12.923618473197223,False
F3,41,7,10,0.29910260225547497,22.51532663517503,False
F3,41,8,2,0.26207720639250665,3.3733141370675526,False
F3,41,9,4,0.51109715926319,15.273005702018963,False
F3,41,10,3,0.6007885737358412,2.539010610906871,False
F3,41,11,5,0.1916697171638339,8.365837873219164,False
F3,41,12,7,0.229875960095332,60.18596667612664,False
F3,42,0,6,0.38879494486184024,7.947501127404621,False
F3,42,1,1,0.2027551493332698,19.1100992459738,False
F3,42,2,7,0.3258419591712601,22.80759702597834,False
F3,42,3,0,0.39938652417737525,5.408735246293858,False
F3,42,4,9,0.07470314952984677,0.4833564810576263,False
F3,42,5,5,0.08258106421735584,46.33766009335585,False
F3,42,6,8,0.21278187300842963,19.604640792040556,False
F3,42,7,12,0.190760566926245,13.132562513385437,False
F3,42,8,10,0.42738447835728627,18.816188203428652,False
F3,42,9,13,0.3070097371678265,17.40480474999032,False
F3,42,10,2,0.4654492052825585,14.402482638139702,False
F3,42,11,11,0.5776094697954544,24.57643755672936,False
F3,42,12,4,0.1891180254465785,7.664721560677464,False
F3,42,13,3,0.2457136883663196,3.1216425082067474,False
F3,43,0,5,0.47857814848879454,19.97525503081002,False
F3,43,1,1,0.21969010295426017,11.658100067624403,False
F3,43,2,6,0.06138696125553178,1.2151363127480295,False
F3,43,3,0,0.19715831133155942,0.16649042783103596,False
F3,43,4,8,0.23039628219080469,1.5863323395659563,False
F3,43,5,13,0.09747639229038388,30.131747810288886,False
F3,43,6,7,0.3700529306319909,11.260510311755269,False
F3,43,7,10,0.03818831116642544,23.950163285945848,False
F3,43,8,2,0.12990766160403333,20.44681861313046,False
F3,43,9,9,0.10059202329581249,11.83487840813791,False
F3,43,10,3,0.41088151304139675,4.551848866409074,False
F3,43,11,12,0.23813970258352762,9.05673911619229,False
F3,43,12,11,0.3892507660379796,16.62464879521451,False
F3,43,13,4,0.19303219207014827,12.323694247818281,False
F3,44,0,5,0.5216830548878163,4.959697297785553,False
F3,44,1,1,0.2103667225572166,7.396965699066364,False
F3,44,2,6,0.3531405332611466,2.1705997987791363,False
F3,44,3,0,0.5201204675131168,6.761287061827829,False
F3,44,4,8,0.21658001759983034,13.046646155757088,False
F3,44,5,12,0.266168666290117,55.94600996651445,False
F3,44,6,7,0.18620507042982867,4.969865912415543,False
F3,44,7,10,0.17001302835749502,72.45095809069608,False
F3,44,8,9,0.24558644503410842,12.013680871569136,False
F3,44,9,11,0.2465471967991473,8.98894185880286,False
F3,44,10,13,0.20652156276725603,19.798122097869452,False
F3,44,11,2,0.2569514186693284,12.632011034284716,False
F3,44,12,3,0.4794178009766031,5.639077737102298,False
F3,44,13,4,0.070874868535731,4.753961183356267,False
F3,45,0,3,0.02801465592442302,10.416503435555796,False
F3,45,1,9,0.6344655617387809,6.26397389457253,False
F3,45,2,7,0.17784138917860198,5.096227995901415,False
F3,45,4,11,0.1288844657830121,13.71487185018762,False
F3,45,5,2,0.2788215929869355,20.323303995964835,False
F3,45,6,8,0.32461504984524137,42.051446675288474,False
F3,45,7,5,0.15750989413657482,2.7561568604015747,False
F3,45,8,10,0.3060010320420936,10.010454167888554,False
F3,45,9,0,0.3912334258482602,11.5203156882597,False
F3,45,11,6,0.05331009069981712,8.229817334161652,False
F3,45,12,1,0.19957592864969056,12.663950242051257,False
F3,45,13,4,0.35597369422051794,4.319911281549253,False
F3,46,0,4,0.270779940899866,10.650320863770446,False
F3,46,1,1,0.04775248916905415,16.48638118842412,False
F3,46,2,5,0.5012572794466915,4.664009149833532,False
F3,46,3,10,0.17224096024933278,13.144495437825952,False
F3,46,4,0,0.0845873195728552,22.842470948680727,False
F3,46,5,13,0.18544045282230887,9.252411122230598,False
F3,46,6,6,0.3586200479504632,12.672417141658173,False
F3,46,7,8,0.07751030751609622,23.816894166164445,False
F3,46,8,2,0.15555644717034647,11.972771314831903,False
F3,46,9,7,0.31628446385134956,10.128365049009119,False
F3,46,10,12,0.44707007492116024,63.516516736381675,False
F3,46,11,9,0.5032869465064137,12.104044941224515,False
F3,46,12,3,0.7056299294211551,18.718520681895626,False
F3,46,13,11,0.34066993068249546,0.8593059530126652,False
F3,47,0,10,0.42653223371524146,9.99274744102948,False
F3,47,1,3,0.31474449372353924,11.271517854750101,False
F3,47,2,8,0.3246015474083449,1.470539580265239,False
F3,47,3,11,0.3496647015834088,40.48687204694352,False
F3,47,4,6,0.273960368717861,4.168654872826551,False
F3,47,5,2,0.19594969712985766,27.316620302021505,False
F3,47,6,7,0.16430435147915473,9.102177340771078,False
F3,47,7,12,0.06727575294899969,8.390299519686948,False
F3,47,8,13,0.2752049890264312,12.705966252080657,False
F3,47,9,0,0.14897468209612877,16.793456321109687,False
F3,47,10,9,0.16459674899742396,11.004996530105075,False
F3,47,11,5,0.30129279978197926,18.36019036765299,False
F3,47,12,1,0.3019045455891569,7.059102606799179,False
F3,47,13,4,0.455251623128521,0.9890303348097405,False
F3,48,0,4,0.35049807737256267,8.964512881486598,False
F3,48,1,1,0.25033683941470497,3.4242063795281155,False
F3,48,2,5,0.2984949129292257,5.6200827648206655,False
F3,48,3,8,0.1330740334685254,12.531796612643035,False
F3,48,4,0,0.053484996253166356,6.87177774517798,False
F3,48,5,10,0.4031965013822417,2.9791455820061117,False
F3,48,6,9,0.16701805988275517,2.106609802169345,False
F3,48,7,7,0.45892171220010447,2.7191704538954298,False
F3,48,8,2,0.34944611997852415,16.40937847112602,False
F3,48,9,13,0.10649395510351642,26.49706452489744,False
F3,48,10,6,0.05863800457604397,13.867280571954836,False
F3,48,11,12,0.5709400953061854,2.285427397873036,False
F3,48,12,11,0.2470062821562929,5.281953443347362,False
F3,48,13,3,0.4000470107455,0.8079211671842472,False
F3,49,0,3,0.10353847435901538,36.74397055423228,False
F3,49,1,8,0.07131095633926543,23.603797287265962,False
F3,49,3,11,0.43423592253895194,9.65084566292984,False
F3,49,4,10,0.3394655975060606,20.171687773861294,False
F3,49,5,2,0.6240009250478414,3.1284666090114115,False
F3,49,6,9,0.08544584616144597,22.58840122262805,False
F3,49,7,6,0.37345251371273225,6.6882780276311,False
F3,49,8,7,0.07412586657070662,0.04568124327013834,False
F3,49,9,0,0.12239958636830439,5.379423862781721,False
F3,49,10,12,0.3995319837418456,11.354929916823153,False
F3,49,11,5,0.2769923129354414,2.5273697781225337,False
F3,49,12,1,0.3755314118246434,13.17693093978022,False
F3,49,13,4,0.2798243553473697,10.709973262839156,False
F3,50,0,5,0.48911918001725563,29.37095959422163,False
F3,50,1,4,0.3557929419301325,8.73358569680341,False
F3,50,2,8,0.15191069534247623,4.242728304603304,False
F3,50,3,7,0.13815222367156396,6.615466693995586,False
F3,50,4,3,0.23689298674545609,13.49839525123545,False
F3,50,5,6,0.4615785038680186,12.478336721101812,False
F3,50,8,11,0.4129105157213367,10.801565416405822,False
F3,50,9,2,0.2746183995418086,4.63078101626661,False
F3,50,10,10,0.4306157097336552,20.373620941151586,False
F3,50,11,0,0.21182097324338753,1.876148080315545,False
F3,50,12,9,0.22317130783684794,26.292768885352245,False
F3,50,13,1,0.15664560842527184,21.75772389192508,False
F3,51,2,3,0.3103025443435775,22.25787801584289,False
F3,51,3,2,0.28427425090273695,25.019934289014145,False
F3,51,9,0,0.2965070839307744,7.087360861628838,False
F3,51,13,1,0.26420868691074545,22.213435364818622,False
F3,52,2,2,0.2570712692375717,14.859623677363345,False
F3,52,3,1,0.21271026913983365,25.459639605165165,False
F3,52,10,3,0.147947557293775,14.774543354380114,False
F3,52,13,0,0.5870581679502969,10.81799015283326,False
F3,53,10,3,0.610880564488746,0.4028434788597508,False
F3,53,11,1,0.3804763343896578,8.988550448961746,False
F3,53,12,2,0.7936951677299074,9.959023383856106,False
F3,53,13,0,0.7233438643538499,8.81288989446361,False
F3,54,0,2,0.3536199390970221,3.822074583831551,False
F3,54,1,1,0.30949534601791007,1.257278203821528,False
F3,54,2,3,0.24072466840640824,7.6109314530322365,False
F3,54,10,0,0.040418184538848094,10.660008953143006,False
F3,54,11,4,0.3940431790323628,1.9863105767934144,False
F3,55,0,0,0.0448492758226217,28.632408413610023,False
F3,55,11,1,0.08710588186834145,10.808639989401172,False
F3,56,6,0,0.30707301504648654,20.057024728434044,False
F3,57,3,1,0.0445110701940399,6.000157937424859,False
F3,57,4,0,0.22706615943600414,9.748566073564973,False
F3,58,0,1,0.11530700725809542,79.97883014319946,False
F3,58,1,3,0.22657875436745034,81.74860170329958,False
F3,58,3,0,0.3029104025551235,81.3196453231265,False
F3,58,4,2,0.550884005134202,79.53914495705033,False
F3,59,5,3,4.924421934542707,50.483342949048335,True
F3,59,6,0,2.020540923013691,15.40996818724284,True
F3,59,7,1,4.029913107930424,72.42896855491907,True
F3,59,9,2,4.071320616847731,63.032231285406084,True
F3,60,5,3,4.914568182126207,64.44409495160309,True
F3,60,6,0,2.198415025203957,15.409968145066188,True
F3,60,7,1,4.303461416905462,82.36361685476868,True
F3,60,9,2,4.24453581339148,60.01223081623246,True
F3,61,0,2,4.306547398820533,60.01223083548997,True
F3,61,2,1,4.263928213196263,73.42227939767301,True
F3,61,3,0,1.8867817967117315,2.4884841235948443,True
F3,61,4,3,4.72296963877496,40.48449694676205,True
F3,62,3,3,3.8070944929860353,47.48614142914124,True
F3,62,4,0,2.8451240705249967,49.20923717291373,True
F3,62,5,1,3.9925688660510974,73.42227943970094,True
F3,62,7,2,4.026949282719263,57.9991142048452,True
F3,63,1,0,2.818298017221071,67.39511939461025,False
F3,63,6,1,0.32534655634853715,88.01579879558007,False
F3,63,8,2,0.3317571834546776,59.494772860317056,False
F3,64,3,3,5.409009112826311,25.681803997496644,False
F3,64,4,2,3.1123551139444294,74.27840430424544,False
F3,64,5,5,1.1062505285921835,81.15222870794089,False
F3,64,6,4,0.851490217582117,88.13551477265574,False
F3,64,7,0,0.8849730318450555,67.65670418297071,False
F3,64,8,1,0.864125269649817,88.81669568736555,False
F3,65,0,1,0.8796393994113993,77.3690425917373,False
F3,65,1,2,3.0806116739174665,30.41302588398264,False
F3,65,5,4,9.472455536688788,66.28301764587927,False
F3,65,7,3,0.2243379411372314,29.399349348396584,False
F3,65,9,0,0.666683890340993,77.56566701799306,False
F3,66,0,0,1.6630059358942824,62.58207189340729,False
F3,66,1,3,2.2569608286024794,36.46020448505638,False
F3,66,4,4,8.109788393035021,68.17671247329952,False
F3,66,8,2,2.342040488426811,53.196011077998904,False
F3,66,11,1,2.2890230185454747,7.348725553607096,False
F3,67,9,0,6.963729340290221,64.55006362135491,False
F3,67,10,1,5.921208945085899,87.61638947310352,False
F3,68,8,0,3.9905989577779946,64.17334434943433,False
F3,68,9,1,2.607285547264711,43.863776848668124,False
F3,69,1,1,4.260820970507403,69.29681729255763,False
F3,69,2,0,7.07346864441603,21.633822598655087,False
F3,70,4,0,4.480473775472154,80.00459098424602,False
F3,70,5,1,7.651904426231747,84.0521350437652,False
F3,71,2,0,7.3382196177555885,66.38858951764601,False
F3,71,3,1,9.114935489603658,75.1152078473217,False
F4,0,0,1,0.3662536526692626,0.44022287260850135,False
F4,0,3,0,0.5832874482222149,72.63011391336443,False
F4,0,4,2,0.46405941069410006,3.8821798617980505,False
F4,1,0,0,0.4244967613342688,18.03079927160468,False
F4,1,1,3,0.4532379051475711,21.746532710645397,False
F4,1,3,1,0.18061285889286963,12.790336344653383,False
F4,1,4,2,0.09268899157639295,6.101739598468043,False
F4,2,0,0,0.44225495560571926,6.951728394326153,False
F4,2,2,3,0.2865741695242377,20.889248989726013,False
F4,2,3,2,0.08750985704918457,12.321540856089058,False
F4,2,4,1,0.19316236352096808,27.60177984333842,False
F4,3,0,0,0.2659866194717832,11.826525207567073,False
F4,3,1,3,0.23994877044247642,24.86013482392235,False
F4,3,2,4,0.09293491142790349,8.117224944720306,False
F4,3,3,2,0.33052690468815676,35.68488126513341,False
F4,3,4,1,0.08169946191918365,8.85325396726273,False
F4,4,0,0,0.17252775922082217,0.3650929933579903,False
F4,4,1,3,0.2789495949167222,9.96250105719001,False
F4,4,2,4,0.40810653978074346,15.591714300254637,False
F4,4,3,2,0.10915495491145571,14.130946991199096,False
F4,4,4,1,0.16798833300125904,0.02207707837817452,False
F4,5,0,0,0.18957705990907597,9.03559982171771,False
F4,5,1,3,0.4566677312572559,6.739431862738172,False
F4,5,2,4,0.2183090127696761,21.94629260972917,False
F4,5,3,1,0.07462274160086224,1.2003207408058074,False
F4,5,4,2,0.2678323048291345,2.20914054868706,False
F4,6,0,0,0.12474921828223078,23.613129218081326,False
F4,6,1,2,0.05293921729368496,4.032933622417545,False
F4,6,2,3,0.4584175519109141,25.30316660169666,False
F4,6,3,1,0.05012982608200529,10.933201080717652,False
F4,6,4,4,0.10580196225528983,0.9867311093117905,False
F4,7,0,1,0.02533525502028756,7.2126595030577505,False
F4,7,1,3,0.06190466485030843,11.241279977185457,False
F4,7,2,4,0.10853272324223372,13.877719526627033,False
F4,7,3,2,0.3237108376675885,8.688539735685083,False
F4,7,4,0,0.07761391586573134,2.39355726755997,False
F4,8,0,1,0.22802560483602846,20.450188879849236,False
F4,8,1,3,0.0731802530222201,4.490284936035039,False
F4,8,2,4,0.4380076849475568,18.616262831548937,False
F4,8,3,2,0.19847881883698118,3.3201506292316765,False
F4,8,4,0,0.28943720209153256,6.876016469164739,False
F4,9,0,1,0.16072178722498273,2.4464912863707298,False
F4,9,1,2,0.0566600875237331,0.907328742574748,False
F4,9,2,3,0.2935616262927229,20.44252447353375,False
F4,9,4,0,0.5120902791235344,1.9448625804699873,False
F4,10,0,1,0.4668404972014916,6.465606707724078,False
F4,10,1,2,0.2088946524241968,13.016393560881397,False
F4,10,2,3,0.46052602173454354,10.207426036161735,False
F4,10,3,4,0.35622002040325546,8.62756329546545,False
F4,10,4,0,0.18404179886657943,7.228608017274098,False
F4,11,0,4,0.3401609999081058,23.976064286479527,False
F4,11,1,1,0.25107342888252326,13.899830085058284,False
F4,11,2,2,0.6197163146614107,19.804611683995418,False
F4,11,3,3,0.14463424711253212,17.89600243920131,False
F4,11,4,0,0.2585195125133362,1.6388981305495633,False
F4,12,0,1,0.6000870506740004,12.930449741544692,False
F4,12,1,0,0.36166030968266233,9.7196839863106,False
F4,13,0,1,0.4281434849522581,8.141164811793715,False
F4,13,1,0,0.380977323741568,14.95006842975205,False
F4,13,2,2,0.27075534471991014,6.055263082154568,False
F4,13,3,3,0.13174212099052038,14.199691536067235,False
F4,13,4,4,0.24658950107175462,16.9420986500609,False
F4,14,0,0,0.3147110696195357,1.8033300817011195,False
F4,14,1,2,0.33508061698002894,12.833184616755048,False
F4,14,2,4,0.33071286711320086,10.143558425965011,False
F4,14,3,3,0.14719597488466105,10.119590066997205,False
F4,14,4,1,0.11237557187858892,14.166686865721971,False
F4,15,0,0,0.12189190217733982,6.627921193096199,False
F4,15,1,4,0.24442469188299534,1.8796598453100586,False
F4,15,2,3,0.32518908975664135,5.098818878671281,False
F4,15,3,1,0.098146548149038,16.856572919899662,False
F4,15,4,2,0.08308721673980879,17.479588938175198,False
F4,16,0,0,0.42511776948894886,1.6886549925775967,False
F4,16,1,2,0.5011607687023593,6.702389976700275,False
F4,16,2,4,0.34591485655261434,13.253702090790796,False
F4,16,3,1,0.12748657924269505,6.575145360580763,False
F4,16,4,3,0.21743540375229975,1.409029778862049,False
F4,17,0,0,0.5105540523044166,7.6725372711735815,False
F4,17,1,3,0.5216864629763548,4.0738799429080075,False
F4,17,3,2,0.2013802243757914,2.934267484060399,False
F4,17,4,1,0.1802326104351733,14.613638437546342,False
F4,18,0,0,0.4699187485120301,3.6208468037945636,False
F4,18,1,2,0.39703299260765196,13.139067161082991,False
F4,18,2,3,0.3249763755310033,3.206062201837824,False
F4,18,3,4,0.2136244288047831,8.109993955520991,False
F4,18,4,1,0.21281599813071625,6.151153525217069,False
F4,19,3,0,0.18107239839038988,1.4631842535102635,False
F4,20,0,3,0.5258149905416049,11.683779758017806,False
F4,20,1,1,0.4746829218519089,1.328792407303638,False
F4,20,3,0,0.07699830554456237,5.262629721590741,False
F4,20,4,2,0.28386938811283385,18.909000620471573,False
F4,21,0,1,0.028762359682616524,24.18191601850411,False
F4,21,1,0,0.1709206060984911,4.611286265561461,False
F4,21,2,2,0.256889755828044,4.317443927031206,False
F4,21,3,4,0.22013837205522913,9.126558345261913,False
F4,21,4,3,0.20861874386572415,19.500842951508673,False
F4,22,0,1,0.14113286348005002,32.969198004958244,False
F4,22,1,0,0.19411600482958574,2.702669863048129,False
F4,22,2,2,0.41964423745120694,77.75572713756867,False
F4,22,3,4,0.2105515779774388,6.391562888991984,False
F4,22,4,3,0.30128193891310573,29.27967821122334,False
F4,23,0,1,0.6144112702925203,10.677091001705122,False
F4,23,1,0,1.0851320013314134,20.68444637801734,False
F4,23,2,2,0.5483482754585092,5.21764778783313,False
F4,23,3,4,1.0449360079586063,11.588817806877131,False
F4,23,4,3,1.0282635254982533,28.789768069198317,False
F4,24,0,1,0.24707079822583036,4.563468922977449,False
F4,24,1,0,0.27125547630381225,15.647259578728978,False
F4,24,2,3,0.39420157790098365,3.21018984608925,False
F4,24,3,4,0.5589778125359663,13.175796124470814,False
F4,24,4,2,0.17205213865415936,38.179757325627804,False
F4,25,0,0,0.4058773469333649,11.95730096887445,False
F4,25,1,4,0.19170750401453948,9.509374075444896,False
F4,25,2,2,0.20503467703861486,8.40723252622324,False
F4,25,3,3,0.1763266784964741,1.7604469181581948,False
F4,25,4,1,0.3819068266602844,3.1995059956703074,False
F4,26,0,0,0.40715972601423067,6.58526798392694,False
F4,26,1,3,0.24199867213914983,9.514036325319381,False
F4,26,2,2,0.4187393635020396,12.999577953355157,False
F4,26,3,4,0.15136421986704543,36.0508467179875,False
F4,26,4,1,0.2922200029636371,21.223335885622078,False
F4,27,0,0,0.3039512536729817,3.900656129675099,False
F4,27,1,3,0.32352326143404797,25.79584429979684,False
F4,27,2,2,0.13790516790991364,10.787499641908198,False
F4,27,4,1,0.07957665664217535,5.3080642592554454,False
F4,28,0,0,0.35271543098173247,19.124638276199164,False
F4,28,1,1,0.42423805951551713,26.914602986906218,False
F4,28,2,2,0.3565165164949444,15.43384440585524,False
F4,28,3,4,0.2146714497026934,9.908488677604197,False
F4,28,4,3,0.18331782380193667,0.9942527319153953,False
F4,29,0,1,0.19155149152205464,12.324915181574369,False
F4,29,1,0,0.13648127355119527,32.1384295126787,False
F4,29,2,3,0.6085201361903948,20.541714582493398,False
F4,29,3,2,0.1605894668563795,0.4236081101950333,False
F4,30,0,1,0.3281851856434126,8.918025268709528,False
F4,30,1,0,0.3136726546321184,28.82733788401336,False
F4,30,2,2,0.29856436912118284,8.224248476300886,False
F4,30,4,3,0.4844629575834332,0.46709738533297696,False
F4,31,0,0,0.2001321450830053,11.877889485559024,False
F4,31,1,4,0.373984263952593,7.213904126714084,False
F4,31,2,1,0.3146045682212015,38.77560163026024,False
F4,31,3,3,0.28267132580196414,1.3657076794536351,False
F4,31,4,2,0.19405125727270164,2.890163263954605,False
F4,32,0,0,0.45057292387853065,11.10883320616773,False
F4,32,1,4,0.381181852130973,50.24009897091503,False
F4,32,2,1,0.18725391727519508,2.2065753495248543,False
F4,32,3,3,0.2317952700382805,5.239025579480682,False
F4,32,4,2,0.181307309576781,8.771737325767788,False
F4,33,0,0,0.3590739568428874,2.802254549256105,False
F4,33,1,3,0.5566024865100662,20.077725934784496,False
F4,33,2,4,0.025295750096687174,14.467444114656189,False
F4,33,3,1,0.2328933247238332,4.569530991054137,False
F4,33,4,2,0.220392105899226,4.615289984558672,False
F4,34,0,0,0.3043446477432086,7.134675756750127,False
F4,34,1,4,0.156903349052148,51.5504392761641,False
F4,34,2,3,0.3394440571036988,17.395791141133884,False
F4,34,3,1,0.18634567266917754,6.66393741271682,False
F4,34,4,2,0.2765400799990164,6.3360992384558585,False
F4,35,0,0,0.30157638535921183,4.010987722445691,False
F4,35,1,4,0.13447057686517874,21.987164208771247,False
F4,35,2,3,0.19656927384681722,15.294739914689046,False
F4,35,3,1,0.15199863852498613,4.089481073315056,False
F4,35,4,2,0.13073320277526293,14.083988010171112,False
F4,36,0,0,0.2454701366733079,1.5778066965125674,False
F4,36,1,4,0.4976650991630633,17.12531309205616,False
F4,36,2,3,0.14096083820942,10.512166705591397,False
F4,36,3,1,0.2915342949178569,2.2428236928983836,False
F4,36,4,2,0.030277354435941976,13.906247867898628,False
F4,37,0,0,0.5467750236692793,12.753121753920794,False
F4,37,1,3,0.34548168247695704,40.34352076968209,False
F4,37,2,2,0.4452021574314377,12.999952489774415,False
F4,37,3,1,0.19685077053131128,2.0622905043519495,False
F4,37,4,4,0.39864540269604626,8.79840343487217,False
F4,38,0,1,0.0702001948080293,3.455489631594787,False
F4,38,1,4,0.3155957663951854,8.592413282516986,False
F4,38,2,2,0.23144829396549638,12.42213923173287,False
F4,38,3,3,0.37153073501978257,23.030621144218372,False
F4,38,4,0,0.3602525756584978,10.428219801072018,False
F4,39,0,0,0.19639302115370932,13.576136867551668,False
F4,39,1,3,0.3963401687280519,13.167255085383132,False
F4,39,2,2,0.3233915477220988,19.874033409816747,False
F4,39,3,1,0.14714005463583527,2.832665818320379,False
F4,39,4,4,0.2260869783861275,1.1602884935700217,False
F4,40,0,0,0.12638140968500536,14.026686849538294,False
F4,40,1,3,0.358785904468092,8.607876528526205,False
F4,40,2,2,0.2528215542373609,6.493442219436929,False
F4,40,3,1,0.14791304053918788,7.55984080014548,False
F4,40,4,4,0.3821488852719647,21.24630631041194,False
F4,41,0,0,0.030777446254561913,3.8020094774678626,False
F4,41,1,4,0.31643261330273775,25.599524603250117,False
F4,41,2,2,0.10129894876622496,4.402836309638246,False
F4,41,3,1,0.16193784402447545,1.2664154721576608,False
F4,41,4,3,0.22759505785915354,4.3769689989806295,False
F4,42,0,0,0.36780651270744263,16.102569372906174,False
F4,42,1,4,0.33154824177456516,17.277718598112415,False
F4,42,2,2,0.11426341219986098,24.222039272862986,False
F4,42,3,1,0.5041509375016513,5.228816034050965,False
F4,42,4,3,0.26454786468518476,14.558148043101909,False
F4,43,0,0,0.4976148053460364,8.06213453527971,False
F4,43,1,4,0.2803326839238205,33.362788529523186,False
F4,43,2,2,0.30227883089600976,85.8364995503689,False
F4,43,3,1,0.36704842086651934,6.5964074943866535,False
F4,43,4,3,0.2661498162568775,18.038231563029,False
F4,44,0,0,0.1498505911428733,4.272559707458328,False
F4,44,1,4,0.3362728914406402,12.380148615819337,False
F4,44,2,2,0.19032395410782585,7.953164123454982,False
F4,44,3,1,0.3993824985548251,13.010891092961202,False
F4,44,4,3,0.13750523659130767,15.28449221986071,False
F4,45,0,0,0.1433390123346399,5.140578532229739,False
F4,45,1,3,0.11362670413542364,5.378016478618747,False
F4,45,2,1,0.17764260402402007,27.70331480606569,False
F4,45,3,4,0.4325779703121631,0.4947152496042122,False
F4,45,4,2,0.17657206613671958,14.988977843828792,False
F4,46,0,0,0.2228515562495544,14.109447741029953,False
F4,46,1,3,0.17785061894010257,17.291331016719866,False
F4,46,2,2,0.2707967198781919,40.31320116488064,False
F4,46,3,4,0.6148518347753369,21.183217676847647,False
F4,46,4,1,0.14619569997484974,7.368681490839805,False
F4,47,0,0,0.04271612326606542,6.092746930604392,False
F4,47,1,3,0.2903528174476598,5.918803434605778,False
F4,47,2,2,0.32295184867252064,21.46228538726021,False
F4,47,3,4,0.3451793452390745,18.55569479451495,False
F4,47,4,1,0.4737395076819193,16.45441646699763,False
F4,48,0,0,0.27570587288223414,8.038745923970254,False
F4,48,1,3,0.18913361420353944,5.244072449308192,False
F4,48,2,2,0.3480092766608175,18.695942660504812,False
F4,48,3,4,0.2682097294321767,33.052709568590046,False
F4,48,4,1,0.16467103966584967,17.962138945303707,False
F4,49,0,0,0.2236125787933536,11.22481948417763,False
F4,49,1,3,0.29926712628639224,0.8821053692683449,False
F4,49,2,2,0.33321975461449876,13.962531601374124,False
F4,49,3,4,0.34419088023396727,28.38765260237966,False
F4,49,4,1,0.2478223357901113,2.0289641676035046,False
F4,50,0,0,0.4791025995405206,17.35389252883249,False
F4,50,1,3,0.2993155231584312,9.905488876998447,False
F4,50,2,2,0.09303826388601498,55.401405294015575,False
F4,50,3,4,0.09038205756751938,31.996558800425134,False
F4,50,4,1,0.20360072977760743,1.106327953236189,False
F4,51,0,4,0.2207164692359715,1.1853629218675223,False
F4,51,1,2,0.14534067074236026,2.475549804874305,False
F4,51,2,1,0.2469388596721056,4.897008169745618,False
F4,51,3,3,0.18431743580229212,10.33925382607785,False
F4,51,4,0,0.14120786744762728,17.60962450906331,False
F4,52,0,4,0.22183854720622526,9.160678575848522,False
F4,52,1,2,0.3934030197554877,5.760082277946026,False
F4,52,2,1,0.32172191381479237,13.332212644116098,False
F4,52,3,3,0.2608964337371842,9.616257569637298,False
F4,52,4,0,0.17963845902631206,17.79990632073512,False
F4,53,0,4,0.25243080020061726,14.437813950878535,False
F4,53,1,2,0.3168931969098548,31.230816601668636,False
F4,53,2,1,0.129552798611025,3.0117641244287654,False
F4,53,3,3,0.2814323435927866,38.020414759182074,False
F4,53,4,0,0.3988153563988678,40.840193348208686,False
F4,54,1,2,0.20254359735201485,10.847632604276399,False
F4,54,2,1,0.32855809523763235,49.31608512834541,False
F4,54,3,3,0.09977265176433693,34.670477945010305,False
F4,54,4,0,0.3490295493562636,9.636471059284986,False
F4,55,3,0,1.7096738413701593,0.8769430751659115,False
F4,55,4,1,1.4609471231670261,26.771885062394404,False
F4,56,1,0,0.39410933784193974,27.195347731193465,False
F4,56,3,2,0.07277169935356692,16.62403758645604,False
F4,56,4,1,0.29540733768831756,7.818509377833351,False
F4,57,0,4,0.10234621348254952,4.115453262495322,False
F4,57,1,2,0.20646883655085674,14.239112003256693,False
F4,57,2,3,0.0797988983654815,10.433998620824653,False
F4,57,3,1,0.156250616939046,13.443997014208605,False
F4,57,4,0,0.29875643710104177,2.9222351643871605,False
F4,58,1,3,0.1384659261084784,6.49475217389228,False
F4,58,2,2,0.25205106260616283,6.949862357318636,False
F4,58,3,0,0.5785425747091469,3.4968834826459556,False
F4,58,4,1,0.38680488674896085,1.5820009014335312,False
F4,59,0,4,10.671151272406059,15.176818382345743,False
F4,59,1,3,0.2503648473051302,5.755207625736972,False
F4,59,2,2,0.2377817415097955,29.304918154931045,False
F4,59,3,1,0.3141064334594498,32.70820673379734,False
F4,59,4,0,0.41379363322421686,4.028480976509485,False
F4,60,0,4,0.4195766668129499,10.006683960037705,False
F4,60,1,3,0.254562315628805,6.544925868491362,False
F4,60,2,1,0.23387612818182513,23.299602550334527,False
F4,60,3,2,0.39289214489598623,21.25650395776057,False
F4,60,4,0,0.3294385656225773,8.022597815879863,False
F4,61,1,3,0.40112030074199445,6.723167053113883,False
F4,61,2,2,0.301502541557182,4.598801205094517,False
F4,61,3,1,0.31480194827652097,15.457469870316942,False
F4,61,4,0,0.2309658086565645,19.31247927279557,False
F4,62,0,4,0.0737380039729873,0.327215694033157,False
F4,62,1,3,0.4029901878660947,4.673975800208709,False
F4,62,2,2,0.336538617361352,3.7255619879026654,False
F4,62,3,1,0.1934405766811676,0.3411491177042194,False
F4,62,4,0,0.27883928528084073,4.082570539329794,False
F4,63,0,4,0.3515977387471714,40.811165179548766,False
F4,63,1,3,0.1398003890871189,31.704229381282403,False
F4,63,2,2,0.4049729090989517,14.734259332365298,False
F4,63,3,1,0.10689423678061842,34.97618160680332,False
F4,63,4,0,0.6079870133551585,21.766471399767482,False
F4,64,0,4,0.06333728811494885,17.952641384749825,False
F4,64,1,3,0.3793877082134432,18.615298086364803,False
F4,64,2,2,0.24773896235440637,7.962336097658664,False
F4,64,3,1,0.16821692933119564,22.859455623538707,False
F4,64,4,0,0.49872084682024964,13.987382783967746,False
F4,65,0,4,0.04175634310412614,23.41965458803662,False
F4,65,1,3,0.09998130088902143,3.433145061463563,False
F4,65,2,2,0.21873429785043152,16.082899829486905,False
F4,65,3,1,0.15484585733832654,0.24582493996717858,False
F4,65,4,0,0.558988643074538,41.111518010657136,False
F4,66,0,4,0.16774792932079075,1.385938835033869,False
F4,66,1,3,0.21360177818038134,18.370737013316443,False
F4,66,2,2,0.2119667096018221,14.05824327254362,False
F4,66,3,1,0.2834112765726395,25.508923059666785,False
F4,66,4,0,0.5444321141525733,35.03299154726517,False
F4,67,0,4,0.09455531414857442,3.287185845075328,False
F4,67,1,3,0.10560486266002622,1.0773981936981727,False
F4,67,2,2,0.12249887522563975,0.8819990947345531,False
F4,67,3,1,0.38886946288259416,18.85185712461464,False
F4,67,4,0,0.1659707987683,4.7156221889860035,False
F4,68,1,3,0.08519034847813366,7.615902172491317,False
F4,68,2,2,0.23158880306344662,6.347329950403633,False
F4,68,3,1,0.20246266971529261,18.27790225007189,False
F4,68,4,0,0.28552420303173226,21.570815643095614,False
F4,69,1,3,0.11468787769789454,12.57124516440436,False
F4,69,2,2,0.10439190791592057,13.290024990906986,False
F4,69,3,1,0.4092067284784452,19.611786167044443,False
F4,69,4,0,0.22097823490029858,9.98585830316884,False
F4,70,1,3,0.1828617951082839,11.147276969144116,False
F4,70,2,2,0.21724631685940868,4.664682796458578,False
F4,70,3,1,0.2680785468348224,20.581331621491614,False
F4,70,4,0,0.10386947170932147,20.6503498576852,False
F4,71,2,3,0.1504165168433157,10.912733608134602,False
F4,71,3,2,0.07065720435105706,0.9213242408776523,False
F4,71,4,1,0.32205725594842327,1.4817058022386789,False
F4,71,5,0,0.2217771042942745,17.824267925422333,False
F4,72,0,5,0.17528442259965388,2.0895973109620627,False
F4,72,1,3,0.17391307031743633,35.44744963332943,False
F4,72,2,4,0.23092336963016116,8.388234241822232,False
F4,72,3,2,0.4183786206653657,2.3080066564879473,False
F4,72,4,1,0.37880705917640317,50.70873244847078,False
F4,72,5,0,0.15058082980657433,18.35897864532012,False
F4,73,0,4,0.78686683119266,10.566618997435882,False
F4,73,1,2,0.32069980413618615,35.128809441059545,False
F4,73,2,3,0.2745910788153771,0.12230395163453522,False
F4,73,3,1,0.09240721781750037,1.7809469051674114,False
F4,73,4,5,0.1856882961254427,23.68925296826133,False
F4,73,5,0,0.23514834346324268,12.128290309063232,False
F4,74,0,5,0.27650724532986243,4.0315048031804395,False
F4,74,1,2,0.21232545081465892,2.025298070116122,False
F4,74,2,4,0.27496197446430143,67.42504794010807,False
F4,74,3,1,0.11655280932268149,87.98348287739613,False
F4,74,4,3,0.3682607132247985,30.915369757748678,False
F4,74,5,0,0.14301078776951118,22.87500837538144,False
F4,75,0,4,0.23108348820340058,34.311798626158236,False
F4,75,1,2,0.33762945863223226,6.67090587458992,False
F4,75,2,3,0.2124713212584039,15.196059147654069,False
F4,75,3,1,0.04392087091562005,75.80303398919648,False
F4,75,4,5,0.20899787000651315,11.525071029752922,False
F4,75,5,0,0.06827474008430456,14.889266779111352,False
F4,76,0,4,0.48690309394035997,17.144721391017868,False
F4,76,1,2,0.29456103957600965,13.882049500429758,False
F4,76,2,3,0.2775091270904871,24.691187324466682,False
F4,76,3,1,0.18533144749661498,2.6315760843854434,False
F4,76,4,6,0.3639004578396679,4.509947000597066,False
F4,76,5,0,0.13655040769697896,40.35822249511676,False
F4,77,0,3,0.2761355870179676,12.898653765915896,False
F4,77,1,2,0.30266348090095824,30.756314956184553,False
F4,77,2,5,0.3016018089731969,25.813579620725932,False
F4,77,3,1,0.0268431842787787,22.39664236883374,False
F4,77,4,4,0.1134642623397396,0.9234738692146891,False
F4,77,5,0,0.17258208278649895,15.915411800934407,False
F4,78,0,3,0.3703913899390621,54.111597026964205,False
F4,78,1,2,0.1871284051690789,66.6075224106551,False
F4,78,2,1,0.23548071788090202,3.358112694665465,False
F4,78,3,4,0.3031047421167278,6.503837408973823,False
F4,78,4,5,0.11158560030463008,3.242291377404456,False
F4,78,5,0,0.15927012657723535,0.3413815562996092,False
F4,79,0,2,0.5885494038226242,81.39677985879825,False
F4,79,1,1,0.17704187129846324,13.482717058874925,False
F4,79,2,5,0.255852848490487,24.83308688265683,False
F4,79,3,3,0.17534582561664294,26.699345796014484,False
F4,79,4,4,0.13240410740454284,8.40712055070722,False
F4,79,5,0,0.05286607829860205,2.3346406224546854,False
