mission_id,solve,t_rel_s,gt_frame,dt_to_frame_s,n_animals,d_min_m,omega_ceiling,omega_realised,v_ceiling_left_flank,v_ceiling_dorsal,v_ceiling_right_flank,v_realised_left_flank,v_realised_dorsal,v_realised_right_flank,rep,seed
F1,0,163.49,2,1.69,4,60.0,0.639449,0.0,1.0,1.0,1.0,0.2656,0.625,0.25,0,0
F1,1,172.49,3,0.72,4,60.0,0.596289,1e-06,0.8438,1.0,0.8906,0.5312,0.9688,0.25,0,0
F1,2,180.0,4,1.4,4,60.0,0.612863,1e-06,0.8906,1.0,0.875,0.4688,0.9062,0.25,0,0
F1,3,186.0,5,3.44,4,60.0,0.571681,0.0,0.8281,1.0,0.8438,0.2969,0.5938,0.25,0,0
F1,4,194.49,6,3.12,4,60.0,0.600115,0.001195,0.9062,1.0,0.9375,0.3906,1.0,0.25,0,0
F1,5,204.49,7,1.12,4,60.0,0.566118,0.042612,0.875,1.0,0.9062,0.5312,1.0,0.25,0,0
F1,6,214.49,8,-0.68,4,60.0,0.592535,0.340938,0.8906,1.0,0.9531,0.5625,1.0,0.875,0,0
F1,7,221.49,9,0.5,4,60.0,0.605272,0.365422,0.8906,1.0,0.9375,0.7969,1.0,0.8906,0,0
F1,8,227.49,10,2.51,4,60.0,0.562149,0.282686,0.9219,1.0,0.9062,0.7969,1.0,0.8438,0,0
F1,9,235.49,11,2.72,4,60.0,0.575329,0.275584,0.8438,1.0,0.875,0.6094,1.0,0.9531,0,0
F1,10,241.99,11,-3.78,4,60.0,0.57573,0.282797,0.8438,1.0,0.875,0.75,1.0,0.9531,0,0
F1,11,247.49,12,-1.1,4,60.0,0.563343,0.296567,0.7969,1.0,0.8594,0.75,1.0,0.8281,0,0
F1,12,253.49,13,1.1,4,60.0,0.568749,0.264012,0.8281,1.0,0.8438,0.5,1.0,1.0,0,0
F1,13,259.99,14,2.8,4,60.0,0.510396,0.3034,0.8438,1.0,0.8438,0.6562,1.0,0.9688,0,0
F1,14,267.49,15,3.5,4,60.0,0.484189,0.351799,0.8438,1.0,0.8281,0.75,1.0,0.9688,0,0
F1,15,275.49,16,3.51,4,60.0,0.44942,0.425973,0.5625,1.0,0.8594,0.9531,1.0,0.9688,0,0
F1,16,282.49,16,-3.49,4,60.0,0.461647,0.426807,0.5625,1.0,0.9062,0.9531,1.0,0.9688,0,0
F1,17,288.49,17,-1.31,4,60.0,0.450174,0.437722,0.8906,1.0,0.6406,0.6406,1.0,0.9531,0,0
F1,18,294.49,18,0.69,4,60.0,0.571613,0.3662,0.8438,1.0,0.875,0.7031,1.0,0.75,0,0
F1,19,300.49,19,2.9,4,60.0,0.577611,0.410609,0.8906,1.0,0.9062,0.9531,1.0,1.0,0,0
F1,20,306.49,19,-3.1,4,60.0,0.578384,0.410029,0.8906,1.0,0.9062,0.9531,1.0,1.0,0,0
F1,21,312.49,20,-0.91,4,60.0,0.586381,0.351973,0.9062,1.0,0.9062,0.7031,1.0,1.0,0,0
F1,22,318.49,21,1.29,4,60.0,0.533479,0.332721,0.8281,1.0,0.7969,0.9531,1.0,1.0,0,0
F1,23,324.49,22,3.3,4,60.0,0.542233,0.329094,0.8438,1.0,0.8125,0.75,1.0,0.5,0,0
F1,24,330.49,22,-2.7,4,60.0,0.550723,0.332736,0.8438,1.0,0.875,1.0,1.0,0.5,0,0
F1,25,338.0,23,-2.21,4,60.0,0.540793,0.309838,0.8125,1.0,0.8125,0.75,1.0,1.0,0,0
F1,26,344.49,24,-0.7,4,60.0,0.544432,0.290027,0.8125,1.0,0.8281,0.9531,1.0,0.5,0,0
F1,27,351.99,25,-0.0,4,60.0,0.548309,0.284483,0.8125,1.0,0.8281,0.75,1.0,0.5,0,0
F1,28,359.99,26,0.01,4,60.0,0.549859,0.284493,0.8125,1.0,0.8438,0.75,1.0,0.75,0,0
F1,29,367.0,27,1.19,4,60.0,0.497469,0.365056,0.8906,1.0,0.9062,1.0,1.0,0.9531,0,0
F1,30,374.0,28,2.39,4,60.0,0.428811,0.342737,0.8281,1.0,0.7969,1.0,1.0,1.0,0,0
F1,31,381.49,29,2.92,4,60.0,0.477376,0.365755,0.6406,1.0,0.9062,1.0,1.0,1.0,0,0
F1,32,388.49,29,-4.09,4,60.0,0.481819,0.329175,0.8906,1.0,0.9062,1.0,1.0,0.9531,0,0
F1,33,396.49,30,-3.88,4,60.0,0.458386,0.331803,0.8281,1.0,0.8438,1.0,1.0,0.75,0,0
F1,34,403.49,31,-2.69,4,60.0,0.517873,0.256316,0.8125,1.0,0.8281,0.6406,1.0,0.5,0,0
F1,35,410.49,32,-1.5,4,60.0,0.509674,0.291068,0.8125,1.0,0.8438,0.8281,1.0,0.6562,0,0
F1,36,418.99,33,-2.0,4,60.0,0.496218,0.209509,0.75,1.0,0.8125,0.6094,1.0,0.5,0,0
F1,37,425.49,34,-0.31,4,60.0,0.49839,0.255796,0.75,1.0,0.8594,0.6094,1.0,0.75,0,0
F1,38,431.99,35,1.39,4,60.0,0.49231,0.263177,0.7812,1.0,0.7969,0.9375,1.0,0.5,0,0
F1,39,437.99,36,3.41,4,60.0,0.523678,0.236145,0.8281,1.0,0.8906,0.75,1.0,0.5,0,0
F1,40,444.99,36,-3.59,4,60.0,0.533506,0.253242,0.875,1.0,0.8906,1.0,1.0,0.5,0,0
F1,41,452.0,37,-2.41,4,60.0,0.514246,0.254965,0.8125,1.0,0.8438,1.0,1.0,0.5,0,0
F1,42,459.0,38,-1.21,4,60.0,0.507254,0.272673,0.8281,1.0,0.8594,0.75,1.0,0.6875,0,0
F1,43,464.99,39,0.79,4,60.0,0.478158,0.318788,0.8125,1.0,0.8125,0.9062,1.0,0.6875,0,0
F1,44,470.49,40,3.5,4,60.0,0.526654,0.243712,0.8594,1.0,0.8594,1.0,1.0,0.75,0,0
F1,45,476.99,40,-3.0,4,60.0,0.526676,0.245436,0.8594,1.0,0.8594,1.0,1.0,0.75,0,0
F1,46,483.0,41,-0.81,4,60.0,0.513634,0.235503,0.8281,1.0,0.8594,1.0,1.0,0.5,0,0
F1,47,488.99,42,1.39,4,60.0,0.507523,0.273256,0.8281,1.0,0.8438,1.0,1.0,0.5,0,0
F1,48,494.99,43,3.4,4,60.0,0.507835,0.319575,0.8906,1.0,0.8906,1.0,1.0,0.75,0,0
F1,49,501.49,43,-3.1,4,60.0,0.507835,0.32025,0.8906,1.0,0.8906,1.0,1.0,0.75,0,0
F1,50,507.49,44,-0.86,4,60.0,0.522245,0.261043,0.8438,1.0,0.9219,1.0,1.0,1.0,0,0
F1,51,514.49,45,0.3,4,60.0,0.541929,0.271191,0.9062,1.0,0.9531,1.0,1.0,0.75,0,0
F1,52,520.99,46,1.8,4,60.0,0.533004,0.258819,0.9062,1.0,0.9219,1.0,1.0,0.5,0,0
F1,53,527.99,47,2.82,4,60.0,0.548244,0.273736,0.9062,1.0,0.9375,0.8594,1.0,0.7031,0,0
F1,0,163.49,2,1.69,4,60.0,0.636997,0.0,1.0,1.0,1.0,0.2656,0.625,0.25,1,1
F1,1,172.49,3,0.72,4,60.0,0.593003,1e-06,0.875,1.0,0.8438,0.5312,0.9688,0.25,1,1
F1,2,180.0,4,1.4,4,60.0,0.609687,1e-06,0.9219,1.0,0.8438,0.4688,0.9062,0.25,1,1
F1,3,186.0,5,3.44,4,60.0,0.559921,0.0,0.8906,1.0,0.75,0.2969,0.5938,0.25,1,1
F1,4,194.49,6,3.12,4,60.0,0.587659,0.001195,0.9531,1.0,0.8594,0.3906,1.0,0.25,1,1
F1,5,204.49,7,1.12,4,60.0,0.560785,0.042612,0.9531,1.0,0.8125,0.5312,1.0,0.25,1,1
F1,6,214.49,8,-0.68,4,60.0,0.584616,0.340938,0.9531,1.0,0.8594,0.5625,1.0,0.875,1,1
F1,7,221.49,9,0.5,4,60.0,0.594457,0.365422,0.9531,1.0,0.8281,0.7969,1.0,0.8906,1,1
F1,8,227.49,10,2.51,4,60.0,0.552684,0.282686,0.9688,1.0,0.8281,0.7969,1.0,0.8438,1,1
F1,9,235.49,11,2.72,4,60.0,0.575067,0.275584,0.9062,1.0,0.8125,0.6094,1.0,0.9531,1,1
F1,10,241.99,11,-3.78,4,60.0,0.575309,0.282797,0.9062,1.0,0.8125,0.75,1.0,0.9531,1,1
F1,11,247.49,12,-1.1,4,60.0,0.564708,0.296567,0.8906,1.0,0.7969,0.75,1.0,0.8281,1,1
F1,12,253.49,13,1.1,4,60.0,0.574039,0.264012,0.8594,1.0,0.8281,0.5,1.0,1.0,1,1
F1,13,259.99,14,2.8,4,60.0,0.508501,0.3034,0.9062,1.0,0.7812,0.6562,1.0,0.9688,1,1
F1,14,267.49,15,3.5,4,60.0,0.466193,0.351799,0.8594,1.0,0.7812,0.75,1.0,0.9688,1,1
F1,15,275.49,16,3.51,4,60.0,0.45331,0.425973,0.6406,1.0,0.8594,0.9531,1.0,0.9688,1,1
F1,16,282.49,16,-3.49,4,60.0,0.473567,0.426807,0.6406,1.0,0.9062,0.9531,1.0,0.9688,1,1
F1,17,288.49,17,-1.31,4,60.0,0.449829,0.437722,0.6719,1.0,0.875,0.6406,1.0,0.9531,1,1
F1,18,294.49,18,0.69,4,60.0,0.476106,0.3662,0.75,1.0,0.8438,0.7031,1.0,0.75,1,1
F1,19,300.49,19,2.9,4,60.0,0.471714,0.410609,0.6406,1.0,0.8906,0.9531,1.0,1.0,1,1
F1,20,306.49,19,-3.1,4,60.0,0.471807,0.410029,0.6406,1.0,0.8906,0.9531,1.0,1.0,1,1
F1,21,312.49,20,-0.91,4,60.0,0.486371,0.351973,0.625,1.0,0.9062,0.7031,1.0,1.0,1,1
F1,22,318.49,21,1.29,4,60.0,0.455591,0.332721,0.5938,1.0,0.7812,0.9531,1.0,1.0,1,1
F1,23,324.49,22,3.3,4,60.0,0.460038,0.329094,0.75,1.0,0.8438,0.75,1.0,0.5,1,1
F1,24,330.49,22,-2.7,4,60.0,0.461618,0.332736,0.75,1.0,0.8438,1.0,1.0,0.5,1,1
F1,25,338.0,23,-2.21,4,60.0,0.494616,0.309838,0.7656,1.0,0.8125,0.75,1.0,1.0,1,1
F1,26,344.49,24,-0.7,4,60.0,0.537993,0.290027,0.8281,1.0,0.8125,0.9531,1.0,0.5,1,1
F1,27,351.99,25,-0.0,4,60.0,0.544959,0.284483,0.8281,1.0,0.8125,0.75,1.0,0.5,1,1
F1,28,359.99,26,0.01,4,60.0,0.543126,0.284493,0.8281,1.0,0.8125,0.75,1.0,0.75,1,1
F1,29,367.0,27,1.19,4,60.0,0.495282,0.365056,0.9062,1.0,0.8906,1.0,1.0,0.9531,1,1
F1,30,374.0,28,2.39,4,60.0,0.422626,0.342737,0.8438,1.0,0.7812,1.0,1.0,1.0,1,1
F1,31,381.49,29,2.92,4,60.0,0.46529,0.365755,0.8906,1.0,0.875,1.0,1.0,1.0,1,1
F1,32,388.49,29,-4.09,4,60.0,0.465319,0.329175,0.8906,1.0,0.875,1.0,1.0,0.9531,1,1
F1,33,396.49,30,-3.88,4,60.0,0.448612,0.331803,0.8281,1.0,0.8281,1.0,1.0,0.75,1,1
F1,34,403.49,31,-2.69,4,60.0,0.512079,0.256316,0.8281,1.0,0.8125,0.6406,1.0,0.5,1,1
F1,35,410.49,32,-1.5,4,60.0,0.500359,0.291068,0.8281,1.0,0.8125,0.8281,1.0,0.6562,1,1
F1,36,418.99,33,-2.0,4,60.0,0.490057,0.209509,0.8125,1.0,0.75,0.6094,1.0,0.5,1,1
F1,37,425.49,34,-0.31,4,60.0,0.487433,0.255796,0.8438,1.0,0.75,0.6094,1.0,0.75,1,1
F1,38,431.99,35,1.39,4,60.0,0.48102,0.263177,0.7969,1.0,0.7812,0.9375,1.0,0.5,1,1
F1,39,437.99,36,3.41,4,60.0,0.518255,0.236145,0.8438,1.0,0.875,0.75,1.0,0.5,1,1
F1,40,444.99,36,-3.59,4,60.0,0.530402,0.253242,0.8906,1.0,0.8906,1.0,1.0,0.5,1,1
F1,41,452.0,37,-2.41,4,60.0,0.509043,0.254965,0.8281,1.0,0.8281,1.0,1.0,0.5,1,1
F1,42,459.0,38,-1.21,4,60.0,0.504429,0.272673,0.8594,1.0,0.8438,0.75,1.0,0.6875,1,1
F1,43,464.99,39,0.79,4,60.0,0.472107,0.318788,0.8125,1.0,0.8125,0.9062,1.0,0.6875,1,1
F1,44,470.49,40,3.5,4,60.0,0.520506,0.243712,0.8594,1.0,0.8594,1.0,1.0,0.75,1,1
F1,45,476.99,40,-3.0,4,60.0,0.520507,0.245436,0.8594,1.0,0.8594,1.0,1.0,0.75,1,1
F1,46,483.0,41,-0.81,4,60.0,0.51353,0.235503,0.8594,1.0,0.8438,1.0,1.0,0.5,1,1
F1,47,488.99,42,1.39,4,60.0,0.503246,0.273256,0.8438,1.0,0.8281,1.0,1.0,0.5,1,1
F1,48,494.99,43,3.4,4,60.0,0.499403,0.319575,0.8906,1.0,0.8906,1.0,1.0,0.75,1,1
F1,49,501.49,43,-3.1,4,60.0,0.499695,0.32025,0.8906,1.0,0.8906,1.0,1.0,0.75,1,1
F1,50,507.49,44,-0.86,4,60.0,0.525751,0.261043,0.875,1.0,0.9062,1.0,1.0,1.0,1,1
F1,51,514.49,45,0.3,4,60.0,0.533132,0.271191,0.9375,1.0,0.9062,1.0,1.0,0.75,1,1
F1,52,520.99,46,1.8,4,60.0,0.528146,0.258819,0.9219,1.0,0.9062,1.0,1.0,0.5,1,1
F1,53,527.99,47,2.82,4,60.0,0.533511,0.273736,0.9375,1.0,0.9062,0.8594,1.0,0.7031,1,1
F1,0,163.49,2,1.69,4,60.0,0.639099,0.0,1.0,1.0,1.0,0.2656,0.625,0.25,2,2
F1,1,172.49,3,0.72,4,60.0,0.596452,1e-06,0.8438,1.0,0.8906,0.5312,0.9688,0.25,2,2
F1,2,180.0,4,1.4,4,60.0,0.613098,1e-06,0.8906,1.0,0.875,0.4688,0.9062,0.25,2,2
F1,3,186.0,5,3.44,4,60.0,0.572304,0.0,0.8281,1.0,0.8438,0.2969,0.5938,0.25,2,2
F1,4,194.49,6,3.12,4,60.0,0.60147,0.001195,0.9062,1.0,0.9531,0.3906,1.0,0.25,2,2
F1,5,204.49,7,1.12,4,60.0,0.567827,0.042612,0.875,1.0,0.9062,0.5312,1.0,0.25,2,2
F1,6,214.49,8,-0.68,4,60.0,0.592376,0.340938,0.8906,1.0,0.9531,0.5625,1.0,0.875,2,2
F1,7,221.49,9,0.5,4,60.0,0.604783,0.365422,0.8906,1.0,0.9375,0.7969,1.0,0.8906,2,2
F1,8,227.49,10,2.51,4,60.0,0.562856,0.282686,0.9219,1.0,0.9062,0.7969,1.0,0.8438,2,2
F1,9,235.49,11,2.72,4,60.0,0.568464,0.275584,0.8438,1.0,0.8281,0.6094,1.0,0.9531,2,2
F1,10,241.99,11,-3.78,4,60.0,0.568465,0.282797,0.8438,1.0,0.8281,0.75,1.0,0.9531,2,2
F1,11,247.49,12,-1.1,4,60.0,0.556147,0.296567,0.7969,1.0,0.8281,0.75,1.0,0.8281,2,2
F1,12,253.49,13,1.1,4,60.0,0.561967,0.264012,0.8281,1.0,0.7969,0.5,1.0,1.0,2,2
F1,13,259.99,14,2.8,4,60.0,0.519197,0.3034,0.8438,1.0,0.8281,0.6562,1.0,0.9688,2,2
F1,14,267.49,15,3.5,4,60.0,0.48515,0.351799,0.8438,1.0,0.8281,0.75,1.0,0.9688,2,2
F1,15,275.49,16,3.51,4,60.0,0.461379,0.425973,0.5625,1.0,0.9062,0.9531,1.0,0.9688,2,2
F1,16,282.49,16,-3.49,4,60.0,0.461776,0.426807,0.5625,1.0,0.9062,0.9531,1.0,0.9688,2,2
F1,17,288.49,17,-1.31,4,60.0,0.437624,0.437722,0.75,1.0,0.8906,0.6406,1.0,0.9531,2,2
F1,18,294.49,18,0.69,4,60.0,0.470127,0.3662,0.8281,1.0,0.875,0.7031,1.0,0.75,2,2
F1,19,300.49,19,2.9,4,60.0,0.563655,0.410609,0.8906,1.0,0.9062,0.9531,1.0,1.0,2,2
F1,20,306.49,19,-3.1,4,60.0,0.568361,0.410029,0.875,1.0,0.9062,0.9531,1.0,1.0,2,2
F1,21,312.49,20,-0.91,4,60.0,0.585649,0.351973,0.9062,1.0,0.9062,0.7031,1.0,1.0,2,2
F1,22,318.49,21,1.29,4,60.0,0.533317,0.332721,0.8281,1.0,0.7969,0.9531,1.0,1.0,2,2
F1,23,324.49,22,3.3,4,60.0,0.541659,0.329094,0.8438,1.0,0.8125,0.75,1.0,0.5,2,2
F1,24,330.49,22,-2.7,4,60.0,0.542058,0.332736,0.8438,1.0,0.8125,1.0,1.0,0.5,2,2
F1,25,338.0,23,-2.21,4,60.0,0.541356,0.309838,0.8125,1.0,0.8125,0.75,1.0,1.0,2,2
F1,26,344.49,24,-0.7,4,60.0,0.544851,0.290027,0.8125,1.0,0.8281,0.9531,1.0,0.5,2,2
F1,27,351.99,25,-0.0,4,60.0,0.548558,0.284483,0.8125,1.0,0.8281,0.75,1.0,0.5,2,2
F1,28,359.99,26,0.01,4,60.0,0.549916,0.284493,0.8125,1.0,0.8438,0.75,1.0,0.75,2,2
F1,29,367.0,27,1.19,4,60.0,0.500065,0.365056,0.8906,1.0,0.9219,1.0,1.0,0.9531,2,2
F1,30,374.0,28,2.39,4,60.0,0.428874,0.342737,0.8281,1.0,0.7969,1.0,1.0,1.0,2,2
F1,31,381.49,29,2.92,4,60.0,0.492992,0.365755,0.8906,1.0,0.8594,1.0,1.0,1.0,2,2
F1,32,388.49,29,-4.09,4,60.0,0.493017,0.329175,0.8906,1.0,0.8594,1.0,1.0,0.9531,2,2
F1,33,396.49,30,-3.88,4,60.0,0.455304,0.331803,0.8281,1.0,0.8438,1.0,1.0,0.75,2,2
F1,34,403.49,31,-2.69,4,60.0,0.517932,0.256316,0.8125,1.0,0.8438,0.6406,1.0,0.5,2,2
F1,35,410.49,32,-1.5,4,60.0,0.509572,0.291068,0.8125,1.0,0.8438,0.8281,1.0,0.6562,2,2
F1,36,418.99,33,-2.0,4,60.0,0.496352,0.209509,0.75,1.0,0.8125,0.6094,1.0,0.5,2,2
F1,37,425.49,34,-0.31,4,60.0,0.492427,0.255796,0.7656,1.0,0.8125,0.6094,1.0,0.75,2,2
F1,38,431.99,35,1.39,4,60.0,0.499383,0.263177,0.8281,1.0,0.7969,0.9375,1.0,0.5,2,2
F1,39,437.99,36,3.41,4,60.0,0.526279,0.236145,0.875,1.0,0.8438,0.75,1.0,0.5,2,2
F1,40,444.99,36,-3.59,4,60.0,0.533609,0.253242,0.875,1.0,0.8906,1.0,1.0,0.5,2,2
F1,41,452.0,37,-2.41,4,60.0,0.514188,0.254965,0.8125,1.0,0.8438,1.0,1.0,0.5,2,2
F1,42,459.0,38,-1.21,4,60.0,0.508434,0.272673,0.8281,1.0,0.8594,0.75,1.0,0.6875,2,2
F1,43,464.99,39,0.79,4,60.0,0.478619,0.318788,0.8125,1.0,0.8125,0.9062,1.0,0.6875,2,2
F1,44,470.49,40,3.5,4,60.0,0.526361,0.243712,0.8594,1.0,0.8594,1.0,1.0,0.75,2,2
F1,45,476.99,40,-3.0,4,60.0,0.52658,0.245436,0.8594,1.0,0.8594,1.0,1.0,0.75,2,2
F1,46,483.0,41,-0.81,4,60.0,0.514883,0.235503,0.8281,1.0,0.8594,1.0,1.0,0.5,2,2
F1,47,488.99,42,1.39,4,60.0,0.508335,0.273256,0.8281,1.0,0.8438,1.0,1.0,0.5,2,2
F1,48,494.99,43,3.4,4,60.0,0.507494,0.319575,0.8906,1.0,0.8906,1.0,1.0,0.75,2,2
F1,49,501.49,43,-3.1,4,60.0,0.507602,0.32025,0.8906,1.0,0.8906,1.0,1.0,0.75,2,2
F1,50,507.49,44,-0.86,4,60.0,0.520084,0.261043,0.8438,1.0,0.9219,1.0,1.0,1.0,2,2
F1,51,514.49,45,0.3,4,60.0,0.537015,0.271191,0.9062,1.0,0.9688,1.0,1.0,0.75,2,2
F1,52,520.99,46,1.8,4,60.0,0.532937,0.258819,0.9062,1.0,0.9219,1.0,1.0,0.5,2,2
F1,53,527.99,47,2.82,4,60.0,0.545979,0.273736,0.9062,1.0,0.9375,0.8594,1.0,0.7031,2,2
F1,0,163.49,2,1.69,4,60.0,0.636859,0.0,1.0,1.0,1.0,0.2656,0.625,0.25,3,3
F1,1,172.49,3,0.72,4,60.0,0.591809,1e-06,0.875,1.0,0.8438,0.5312,0.9688,0.25,3,3
F1,2,180.0,4,1.4,4,60.0,0.606865,1e-06,0.9219,1.0,0.8281,0.4688,0.9062,0.25,3,3
F1,3,186.0,5,3.44,4,60.0,0.560157,0.0,0.8906,1.0,0.7656,0.2969,0.5938,0.25,3,3
F1,4,194.49,6,3.12,4,60.0,0.589204,0.001195,0.9531,1.0,0.8906,0.3906,1.0,0.25,3,3
F1,5,204.49,7,1.12,4,60.0,0.557407,0.042612,0.9531,1.0,0.8438,0.5312,1.0,0.25,3,3
F1,6,214.49,8,-0.68,4,60.0,0.583588,0.340938,0.9531,1.0,0.875,0.5625,1.0,0.875,3,3
F1,7,221.49,9,0.5,4,60.0,0.59426,0.365422,0.9531,1.0,0.8438,0.7969,1.0,0.8906,3,3
F1,8,227.49,10,2.51,4,60.0,0.553257,0.282686,0.9688,1.0,0.8281,0.7969,1.0,0.8438,3,3
F1,9,235.49,11,2.72,4,60.0,0.574434,0.275584,0.9062,1.0,0.8125,0.6094,1.0,0.9531,3,3
F1,10,241.99,11,-3.78,4,60.0,0.575851,0.282797,0.9062,1.0,0.8125,0.75,1.0,0.9531,3,3
F1,11,247.49,12,-1.1,4,60.0,0.564747,0.296567,0.8906,1.0,0.7969,0.75,1.0,0.8281,3,3
F1,12,253.49,13,1.1,4,60.0,0.574122,0.264012,0.8594,1.0,0.8281,0.5,1.0,1.0,3,3
F1,13,259.99,14,2.8,4,60.0,0.508675,0.3034,0.9062,1.0,0.7812,0.6562,1.0,0.9688,3,3
F1,14,267.49,15,3.5,4,60.0,0.480172,0.351799,0.8281,1.0,0.7812,0.75,1.0,0.9688,3,3
F1,15,275.49,16,3.51,4,60.0,0.511017,0.425973,0.8438,1.0,0.7188,0.9531,1.0,0.9688,3,3
F1,16,282.49,16,-3.49,4,60.0,0.537925,0.426807,0.8438,1.0,0.7969,0.9531,1.0,0.9688,3,3
F1,17,288.49,17,-1.31,4,60.0,0.53625,0.437722,0.8594,1.0,0.875,0.6406,1.0,0.9531,3,3
F1,18,294.49,18,0.69,4,60.0,0.569896,0.3662,0.875,1.0,0.8438,0.7031,1.0,0.75,3,3
F1,19,300.49,19,2.9,4,60.0,0.575143,0.410609,0.9062,1.0,0.8906,0.9531,1.0,1.0,3,3
F1,20,306.49,19,-3.1,4,60.0,0.575291,0.410029,0.9062,1.0,0.8906,0.9531,1.0,1.0,3,3
F1,21,312.49,20,-0.91,4,60.0,0.582967,0.351973,0.9062,1.0,0.9062,0.7031,1.0,1.0,3,3
F1,22,318.49,21,1.29,4,60.0,0.530442,0.332721,0.8594,1.0,0.7812,0.9531,1.0,1.0,3,3
F1,23,324.49,22,3.3,4,60.0,0.53252,0.329094,0.8594,1.0,0.7812,0.75,1.0,0.5,3,3
F1,24,330.49,22,-2.7,4,60.0,0.544844,0.332736,0.8594,1.0,0.8438,1.0,1.0,0.5,3,3
F1,25,338.0,23,-2.21,4,60.0,0.536881,0.309838,0.8125,1.0,0.8125,0.75,1.0,1.0,3,3
F1,26,344.49,24,-0.7,4,60.0,0.540702,0.290027,0.8281,1.0,0.8125,0.9531,1.0,0.5,3,3
F1,27,351.99,25,-0.0,4,60.0,0.544751,0.284483,0.8281,1.0,0.8125,0.75,1.0,0.5,3,3
F1,28,359.99,26,0.01,4,60.0,0.545455,0.284493,0.8281,1.0,0.8281,0.75,1.0,0.75,3,3
F1,29,367.0,27,1.19,4,60.0,0.495247,0.365056,0.9062,1.0,0.8906,1.0,1.0,0.9531,3,3
F1,30,374.0,28,2.39,4,60.0,0.435625,0.342737,0.8438,1.0,0.8438,1.0,1.0,1.0,3,3
F1,31,381.49,29,2.92,4,60.0,0.452031,0.365755,0.6406,1.0,0.8906,1.0,1.0,1.0,3,3
F1,32,388.49,29,-4.09,4,60.0,0.512963,0.329175,0.8906,1.0,1.0,1.0,1.0,0.9531,3,3
F1,33,396.49,30,-3.88,4,60.0,0.417085,0.331803,0.8281,1.0,0.5156,1.0,1.0,0.75,3,3
F1,34,403.49,31,-2.69,4,60.0,0.512112,0.256316,0.8281,1.0,0.8125,0.6406,1.0,0.5,3,3
F1,35,410.49,32,-1.5,4,60.0,0.50033,0.291068,0.8281,1.0,0.8125,0.8281,1.0,0.6562,3,3
F1,36,418.99,33,-2.0,4,60.0,0.490251,0.209509,0.8125,1.0,0.75,0.6094,1.0,0.5,3,3
F1,37,425.49,34,-0.31,4,60.0,0.484384,0.255796,0.8125,1.0,0.75,0.6094,1.0,0.75,3,3
F1,38,431.99,35,1.39,4,60.0,0.486968,0.263177,0.7969,1.0,0.7812,0.9375,1.0,0.5,3,3
F1,39,437.99,36,3.41,4,60.0,0.531432,0.236145,0.8906,1.0,0.8906,0.75,1.0,0.5,3,3
F1,40,444.99,36,-3.59,4,60.0,0.531448,0.253242,0.8906,1.0,0.8906,1.0,1.0,0.5,3,3
F1,41,452.0,37,-2.41,4,60.0,0.509122,0.254965,0.8281,1.0,0.8281,1.0,1.0,0.5,3,3
F1,42,459.0,38,-1.21,4,60.0,0.502834,0.272673,0.8594,1.0,0.8438,0.75,1.0,0.6875,3,3
F1,43,464.99,39,0.79,4,60.0,0.471421,0.318788,0.8125,1.0,0.8125,0.9062,1.0,0.6875,3,3
F1,44,470.49,40,3.5,4,60.0,0.5204,0.243712,0.8594,1.0,0.8594,1.0,1.0,0.75,3,3
F1,45,476.99,40,-3.0,4,60.0,0.520408,0.245436,0.8594,1.0,0.8594,1.0,1.0,0.75,3,3
F1,46,483.0,41,-0.81,4,60.0,0.514269,0.235503,0.8594,1.0,0.8438,1.0,1.0,0.5,3,3
F1,47,488.99,42,1.39,4,60.0,0.503711,0.273256,0.8438,1.0,0.8281,1.0,1.0,0.5,3,3
F1,48,494.99,43,3.4,4,60.0,0.499994,0.319575,0.8906,1.0,0.8906,1.0,1.0,0.75,3,3
F1,49,501.49,43,-3.1,4,60.0,0.499994,0.32025,0.8906,1.0,0.8906,1.0,1.0,0.75,3,3
F1,50,507.49,44,-0.86,4,60.0,0.525245,0.261043,0.875,1.0,0.9062,1.0,1.0,1.0,3,3
F1,51,514.49,45,0.3,4,60.0,0.532729,0.271191,0.9375,1.0,0.9062,1.0,1.0,0.75,3,3
F1,52,520.99,46,1.8,4,60.0,0.52911,0.258819,0.9219,1.0,0.9062,1.0,1.0,0.5,3,3
F1,53,527.99,47,2.82,4,60.0,0.534105,0.273736,0.9219,1.0,0.9062,0.8594,1.0,0.7031,3,3
F1,0,163.49,2,1.69,4,60.0,0.636953,0.0,1.0,1.0,1.0,0.2656,0.625,0.25,4,4
F1,1,172.49,3,0.72,4,60.0,0.59233,1e-06,0.875,1.0,0.8438,0.5312,0.9688,0.25,4,4
F1,2,180.0,4,1.4,4,60.0,0.611404,1e-06,0.9219,1.0,0.8594,0.4688,0.9062,0.25,4,4
F1,3,186.0,5,3.44,4,60.0,0.562364,0.0,0.8906,1.0,0.8125,0.2969,0.5938,0.25,4,4
F1,4,194.49,6,3.12,4,60.0,0.588933,0.001195,0.9531,1.0,0.8906,0.3906,1.0,0.25,4,4
F1,5,204.49,7,1.12,4,60.0,0.557318,0.042612,0.9531,1.0,0.8438,0.5312,1.0,0.25,4,4
F1,6,214.49,8,-0.68,4,60.0,0.583508,0.340938,0.9531,1.0,0.875,0.5625,1.0,0.875,4,4
F1,7,221.49,9,0.5,4,60.0,0.594336,0.365422,0.9531,1.0,0.8438,0.7969,1.0,0.8906,4,4
F1,8,227.49,10,2.51,4,60.0,0.553377,0.282686,0.9688,1.0,0.8281,0.7969,1.0,0.8438,4,4
F1,9,235.49,11,2.72,4,60.0,0.575624,0.275584,0.9062,1.0,0.8125,0.6094,1.0,0.9531,4,4
F1,10,241.99,11,-3.78,4,60.0,0.5757,0.282797,0.9062,1.0,0.8125,0.75,1.0,0.9531,4,4
F1,11,247.49,12,-1.1,4,60.0,0.564722,0.296567,0.8906,1.0,0.7969,0.75,1.0,0.8281,4,4
F1,12,253.49,13,1.1,4,60.0,0.574168,0.264012,0.8594,1.0,0.8281,0.5,1.0,1.0,4,4
F1,13,259.99,14,2.8,4,60.0,0.508542,0.3034,0.9062,1.0,0.7812,0.6562,1.0,0.9688,4,4
F1,14,267.49,15,3.5,4,60.0,0.47959,0.351799,0.8281,1.0,0.7812,0.75,1.0,0.9688,4,4
F1,15,275.49,16,3.51,4,60.0,0.483579,0.425973,0.8438,1.0,0.8125,0.9531,1.0,0.9688,4,4
F1,16,282.49,16,-3.49,4,60.0,0.540083,0.426807,0.8438,1.0,0.7969,0.9531,1.0,0.9688,4,4
F1,17,288.49,17,-1.31,4,60.0,0.533701,0.437722,0.8594,1.0,0.875,0.6406,1.0,0.9531,4,4
F1,18,294.49,18,0.69,4,60.0,0.57087,0.3662,0.875,1.0,0.8438,0.7031,1.0,0.75,4,4
F1,19,300.49,19,2.9,4,60.0,0.574686,0.410609,0.9062,1.0,0.8906,0.9531,1.0,1.0,4,4
F1,20,306.49,19,-3.1,4,60.0,0.575103,0.410029,0.9062,1.0,0.8906,0.9531,1.0,1.0,4,4
F1,21,312.49,20,-0.91,4,60.0,0.582972,0.351973,0.9062,1.0,0.9062,0.7031,1.0,1.0,4,4
F1,22,318.49,21,1.29,4,60.0,0.53097,0.332721,0.8594,1.0,0.7812,0.9531,1.0,1.0,4,4
F1,23,324.49,22,3.3,4,60.0,0.544846,0.329094,0.8594,1.0,0.8438,0.75,1.0,0.5,4,4
F1,24,330.49,22,-2.7,4,60.0,0.545769,0.332736,0.8594,1.0,0.8438,1.0,1.0,0.5,4,4
F1,25,338.0,23,-2.21,4,60.0,0.536999,0.309838,0.8125,1.0,0.8125,0.75,1.0,1.0,4,4
F1,26,344.49,24,-0.7,4,60.0,0.540878,0.290027,0.8281,1.0,0.8125,0.9531,1.0,0.5,4,4
F1,27,351.99,25,-0.0,4,60.0,0.544788,0.284483,0.8281,1.0,0.8125,0.75,1.0,0.5,4,4
F1,28,359.99,26,0.01,4,60.0,0.545212,0.284493,0.8281,1.0,0.8281,0.75,1.0,0.75,4,4
F1,29,367.0,27,1.19,4,60.0,0.495313,0.365056,0.9062,1.0,0.8906,1.0,1.0,0.9531,4,4
F1,30,374.0,28,2.39,4,60.0,0.435902,0.342737,0.8438,1.0,0.8438,1.0,1.0,1.0,4,4
F1,31,381.49,29,2.92,4,60.0,0.462156,0.365755,0.8906,1.0,0.875,1.0,1.0,1.0,4,4
F1,32,388.49,29,-4.09,4,60.0,0.465319,0.329175,0.8906,1.0,0.875,1.0,1.0,0.9531,4,4
F1,33,396.49,30,-3.88,4,60.0,0.448235,0.331803,0.8281,1.0,0.8281,1.0,1.0,0.75,4,4
F1,34,403.49,31,-2.69,4,60.0,0.512052,0.256316,0.8281,1.0,0.8125,0.6406,1.0,0.5,4,4
F1,35,410.49,32,-1.5,4,60.0,0.500342,0.291068,0.8281,1.0,0.8125,0.8281,1.0,0.6562,4,4
F1,36,418.99,33,-2.0,4,60.0,0.489447,0.209509,0.8125,1.0,0.75,0.6094,1.0,0.5,4,4
F1,37,425.49,34,-0.31,4,60.0,0.490995,0.255796,0.7969,1.0,0.8125,0.6094,1.0,0.75,4,4
F1,38,431.99,35,1.39,4,60.0,0.485323,0.263177,0.7969,1.0,0.7812,0.9375,1.0,0.5,4,4
F1,39,437.99,36,3.41,4,60.0,0.520408,0.236145,0.8438,1.0,0.8906,0.75,1.0,0.5,4,4
F1,40,444.99,36,-3.59,4,60.0,0.529743,0.253242,0.8906,1.0,0.8906,1.0,1.0,0.5,4,4
F1,41,452.0,37,-2.41,4,60.0,0.508932,0.254965,0.8281,1.0,0.8281,1.0,1.0,0.5,4,4
F1,42,459.0,38,-1.21,4,60.0,0.505086,0.272673,0.8594,1.0,0.8438,0.75,1.0,0.6875,4,4
F1,43,464.99,39,0.79,4,60.0,0.472394,0.318788,0.8125,1.0,0.8125,0.9062,1.0,0.6875,4,4
F1,44,470.49,40,3.5,4,60.0,0.51965,0.243712,0.8594,1.0,0.8594,1.0,1.0,0.75,4,4
F1,45,476.99,40,-3.0,4,60.0,0.519901,0.245436,0.8594,1.0,0.8594,1.0,1.0,0.75,4,4
F1,46,483.0,41,-0.81,4,60.0,0.51173,0.235503,0.8594,1.0,0.8438,1.0,1.0,0.5,4,4
F1,47,488.99,42,1.39,4,60.0,0.501585,0.273256,0.8438,1.0,0.8281,1.0,1.0,0.5,4,4
F1,48,494.99,43,3.4,4,60.0,0.499108,0.319575,0.8906,1.0,0.8906,1.0,1.0,0.75,4,4
F1,49,501.49,43,-3.1,4,60.0,0.499233,0.32025,0.8906,1.0,0.8906,1.0,1.0,0.75,4,4
F1,50,507.49,44,-0.86,4,60.0,0.526404,0.261043,0.875,1.0,0.9062,1.0,1.0,1.0,4,4
F1,51,514.49,45,0.3,4,60.0,0.534995,0.271191,0.9375,1.0,0.9062,1.0,1.0,0.75,4,4
F1,52,520.99,46,1.8,4,60.0,0.529408,0.258819,0.9219,1.0,0.9062,1.0,1.0,0.5,4,4
F1,53,527.99,47,2.82,4,60.0,0.534726,0.273736,0.9375,1.0,0.9062,0.8594,1.0,0.7031,4,4
F4,0,93.61,0,-0.48,5,60.0,0.49758,0.00687,0.8,1.0,1.0,0.4,0.0,0.5875,0,1000
F4,1,101.11,1,0.15,5,60.0,0.503334,0.008295,0.8,1.0,1.0,0.4,0.0,0.6,0,1000
F4,2,110.11,2,-0.85,5,60.0,0.514547,9e-06,0.8,1.0,1.0,0.2,1.0,0.575,0,1000
F4,3,118.11,3,-0.66,5,60.0,0.449233,0.000318,0.8,1.0,0.775,0.2,1.0,0.5875,0,1000
F4,4,126.11,4,-0.46,5,60.0,0.459807,0.004931,0.8,1.0,0.8,0.2,1.0,0.7125,0,1000
F4,5,134.61,5,-0.95,5,60.0,0.470619,0.070826,0.8,1.0,0.875,0.4,1.0,0.8,0,1000
F4,6,144.61,6,-2.93,5,60.0,0.47685,0.280748,0.8,1.0,0.9625,0.6,1.0,1.0,0,1000
F4,7,154.61,8,3.25,5,60.0,0.462163,0.229541,0.8,1.0,1.0,0.75,1.0,0.8,0,1000
F4,8,165.11,9,0.75,5,60.0,0.430728,0.197691,0.8,1.0,1.0,1.0,1.0,0.8,0,1000
F4,9,175.11,10,-1.06,5,60.0,0.372466,0.299294,0.8,1.0,0.6,1.0,1.0,1.0,0,1000
F4,10,185.61,11,-3.55,5,60.0,0.380498,0.328463,0.8,1.0,0.6,1.0,1.0,1.0,0,1000
F4,11,196.11,13,2.35,5,60.0,0.457592,0.270153,1.0,1.0,1.0,1.0,1.0,1.0,0,1000
F4,12,206.11,14,0.38,5,60.0,0.465241,0.265874,1.0,1.0,0.975,1.0,1.0,1.0,0,1000
F4,13,217.11,15,-2.46,5,60.0,0.466068,0.280018,1.0,1.0,0.975,1.0,1.0,1.0,0,1000
F4,14,227.11,17,3.75,5,60.0,0.474134,0.28905,1.0,1.0,1.0,1.0,1.0,1.0,0,1000
F4,15,238.11,18,0.76,5,60.0,0.503469,0.2971,1.0,1.0,0.8,1.0,1.0,1.0,0,1000
F4,16,248.11,19,-1.05,5,60.0,0.506449,0.2765,1.0,1.0,0.8,1.0,1.0,1.0,0,1000
F4,17,258.11,20,-3.05,5,60.0,0.435813,0.281558,0.6875,1.0,0.6,0.875,1.0,1.0,0,1000
F4,18,267.61,22,3.65,5,60.0,0.450965,0.24763,0.8,1.0,0.6125,0.8,1.0,1.0,0,1000
F4,19,278.11,23,1.16,5,60.0,0.451104,0.262515,0.65,1.0,0.85,0.8,1.0,0.8,0,1000
F4,20,289.11,24,-1.82,5,60.0,0.460711,0.23817,0.6625,1.0,0.85,0.8,1.0,1.0,0,1000
F4,21,298.11,25,-2.65,5,60.0,0.462006,0.246441,0.8375,1.0,0.8125,0.8,1.0,0.95,0,1000
F4,22,308.11,27,3.55,5,60.0,0.433493,0.285235,0.8375,1.0,0.65,1.0,1.0,1.0,0,1000
F4,23,319.11,28,0.55,5,60.0,0.467355,0.22277,1.0,1.0,0.825,1.0,1.0,0.975,0,1000
F4,24,328.61,29,-0.75,5,60.0,0.454732,0.224824,0.9,1.0,0.825,0.95,1.0,0.95,0,1000
F4,25,337.61,30,-1.74,5,60.0,0.461802,0.218836,0.9,1.0,0.825,0.95,1.0,0.95,0,1000
F4,26,347.61,31,-3.73,5,60.0,0.440229,0.243828,0.9,1.0,0.8375,0.95,1.0,0.925,0,1000
F4,27,356.11,33,3.96,5,60.0,0.503374,0.232497,1.0,1.0,1.0,1.0,1.0,0.9,0,1000
F4,28,365.11,34,3.16,5,60.0,0.504139,0.222187,0.9,1.0,1.0,0.8,1.0,0.9375,0,1000
F4,29,375.11,35,1.36,5,60.0,0.471022,0.227061,0.9,1.0,1.0,1.0,1.0,0.8,0,1000
F4,30,385.11,36,-0.45,5,60.0,0.482499,0.232545,0.9125,1.0,0.925,1.0,1.0,1.0,0,1000
F4,31,396.11,37,-3.23,5,60.0,0.483729,0.23938,0.9,1.0,0.875,1.0,1.0,0.8,0,1000
F4,32,407.11,39,1.95,5,60.0,0.469444,0.232039,0.875,1.0,0.8625,1.0,1.0,0.8,0,1000
F4,33,418.11,40,-1.02,5,60.0,0.442828,0.254038,0.85,1.0,0.8,1.0,1.0,0.8,0,1000
F4,34,428.11,41,-2.85,5,60.0,0.442443,0.25834,0.8625,1.0,0.8125,0.9,1.0,1.0,0,1000
F4,35,438.11,43,3.16,5,60.0,0.456421,0.214094,0.8625,1.0,0.875,1.0,1.0,0.8,0,1000
F4,36,448.11,44,1.34,5,60.0,0.466542,0.198142,0.875,1.0,1.0,0.9125,1.0,0.95,0,1000
F4,37,457.61,45,0.04,5,60.0,0.473667,0.256883,0.875,1.0,0.875,0.95,1.0,1.0,0,1000
F4,38,467.12,46,-1.46,5,60.0,0.464637,0.259473,0.8625,1.0,1.0,1.0,1.0,1.0,0,1000
F4,39,477.11,47,-3.26,5,50.0,0.448402,0.218941,0.8875,1.0,1.0,0.9125,1.0,0.8,0,1000
F4,40,488.61,49,1.25,5,50.0,0.459816,0.201265,0.8875,1.0,1.0,0.975,1.0,0.8,0,1000
F4,41,499.11,50,-1.06,5,50.0,0.437777,0.204332,0.8375,1.0,1.0,0.8875,1.0,0.8,0,1000
F4,42,509.61,51,-3.54,5,50.0,0.453017,0.216121,0.8875,1.0,1.0,0.925,1.0,0.8,0,1000
F4,43,519.61,53,2.84,5,50.0,0.450752,0.214875,0.8375,1.0,1.0,1.0,1.0,0.8,0,1000
F4,44,528.61,54,2.05,5,50.0,0.467412,0.196972,0.8875,1.0,1.0,0.95,1.0,0.85,0,1000
F4,45,537.11,55,1.57,5,50.0,0.498244,0.191458,0.95,1.0,0.9,0.9375,1.0,1.0,0,1000
F4,46,547.61,56,-0.75,5,50.0,0.486013,0.196339,0.925,1.0,1.0,0.85,1.0,0.85,0,1000
F4,47,557.11,57,-2.24,5,50.0,0.490194,0.159767,0.9,1.0,1.0,0.6375,1.0,0.85,0,1000
F4,48,566.61,58,-3.56,5,50.0,0.4831,0.186914,0.9125,1.0,0.9,0.65,1.0,0.85,0,1000
F4,49,575.61,60,3.45,5,50.0,0.488842,0.243189,0.925,1.0,0.9125,1.0,1.0,0.875,0,1000
F4,50,584.61,61,2.45,5,50.0,0.479663,0.240195,0.9,1.0,0.9,0.6125,1.0,0.8125,0,1000
F4,51,594.11,62,1.15,5,50.0,0.470966,0.264664,0.925,1.0,0.9125,1.0,1.0,0.85,0,1000
F4,52,605.11,63,-1.65,5,50.0,0.462988,0.280653,0.7125,1.0,0.9,0.8875,1.0,0.85,0,1000
F4,53,615.61,64,-3.95,5,50.0,0.464028,0.268073,0.7125,1.0,0.9,1.0,1.0,0.8375,0,1000
F4,54,626.11,66,1.76,5,50.0,0.503014,0.277881,0.8,1.0,1.0,1.0,1.0,1.0,0,1000
F4,55,636.62,67,-0.56,5,50.0,0.526429,0.279961,1.0,1.0,1.0,1.0,1.0,1.0,0,1000
F4,0,93.61,0,-0.48,5,60.0,0.451911,0.00687,1.0,1.0,0.8,0.4,0.0,0.5875,1,1001
F4,1,101.11,1,0.15,5,60.0,0.428158,0.008295,1.0,1.0,0.7875,0.4,0.0,0.6,1,1001
F4,2,110.11,2,-0.85,5,60.0,0.504388,9e-06,0.8,1.0,1.0,0.2,1.0,0.575,1,1001
F4,3,118.11,3,-0.66,5,60.0,0.472428,0.000318,0.8,1.0,1.0,0.2,1.0,0.5875,1,1001
F4,4,126.11,4,-0.46,5,60.0,0.476427,0.004931,0.8,1.0,0.8,0.2,1.0,0.7125,1,1001
F4,5,134.61,5,-0.95,5,60.0,0.509972,0.070826,0.8,1.0,0.8875,0.4,1.0,0.8,1,1001
F4,6,144.61,6,-2.93,5,60.0,0.509302,0.280748,0.8,1.0,0.9375,0.6,1.0,1.0,1,1001
F4,7,154.61,8,3.25,5,60.0,0.500185,0.229541,0.8,1.0,1.0,0.75,1.0,0.8,1,1001
F4,8,165.11,9,0.75,5,60.0,0.475329,0.197691,0.8,1.0,1.0,1.0,1.0,0.8,1,1001
F4,9,175.11,10,-1.06,5,60.0,0.419994,0.299294,0.8,1.0,0.8,1.0,1.0,1.0,1,1001
F4,10,185.61,11,-3.55,5,60.0,0.430349,0.328463,0.7875,1.0,0.6,1.0,1.0,1.0,1,1001
F4,11,196.11,13,2.35,5,60.0,0.437699,0.270153,0.8,1.0,0.8,1.0,1.0,1.0,1,1001
F4,12,206.11,14,0.38,5,60.0,0.430355,0.265874,0.8,1.0,0.6,1.0,1.0,1.0,1,1001
F4,13,217.11,15,-2.46,5,60.0,0.461203,0.280018,1.0,1.0,0.975,1.0,1.0,1.0,1,1001
F4,14,227.11,17,3.75,5,60.0,0.449579,0.28905,0.8,1.0,1.0,1.0,1.0,1.0,1,1001
F4,15,238.11,18,0.76,5,60.0,0.4888,0.2971,0.8,1.0,1.0,1.0,1.0,1.0,1,1001
F4,16,248.11,19,-1.05,5,60.0,0.493056,0.2765,0.6,1.0,1.0,1.0,1.0,1.0,1,1001
F4,17,258.11,20,-3.05,5,60.0,0.468983,0.281558,1.0,1.0,0.85,0.875,1.0,1.0,1,1001
F4,18,267.61,22,3.65,5,60.0,0.449449,0.24763,0.9375,1.0,0.85,0.8,1.0,1.0,1,1001
F4,19,278.11,23,1.16,5,60.0,0.425772,0.262515,0.7375,1.0,0.8625,0.8,1.0,0.8,1,1001
F4,20,289.11,24,-1.82,5,60.0,0.436206,0.23817,1.0,1.0,0.8625,0.8,1.0,1.0,1,1001
F4,21,298.11,25,-2.65,5,60.0,0.452931,0.246441,1.0,1.0,0.85,0.8,1.0,0.95,1,1001
F4,22,308.11,27,3.55,5,60.0,0.460756,0.285235,0.8625,1.0,1.0,1.0,1.0,1.0,1,1001
F4,23,319.11,28,0.55,5,60.0,0.476314,0.22277,1.0,1.0,0.95,1.0,1.0,0.975,1,1001
F4,24,328.61,29,-0.75,5,60.0,0.487569,0.224824,1.0,1.0,0.95,0.95,1.0,0.95,1,1001
F4,25,337.61,30,-1.74,5,60.0,0.460619,0.218836,0.95,1.0,0.95,0.95,1.0,0.95,1,1001
F4,26,347.61,31,-3.73,5,60.0,0.465871,0.243828,0.95,1.0,0.95,0.95,1.0,0.925,1,1001
F4,27,356.11,33,3.96,5,60.0,0.500602,0.232497,1.0,1.0,1.0,1.0,1.0,0.9,1,1001
F4,28,365.11,34,3.16,5,60.0,0.507591,0.222187,1.0,1.0,0.9625,0.8,1.0,0.9375,1,1001
F4,29,375.11,35,1.36,5,60.0,0.483986,0.227061,0.975,1.0,0.9625,1.0,1.0,0.8,1,1001
F4,30,385.11,36,-0.45,5,60.0,0.478416,0.232545,1.0,1.0,0.9625,1.0,1.0,1.0,1,1001
F4,31,396.11,37,-3.23,5,60.0,0.477894,0.23938,0.9375,1.0,0.925,1.0,1.0,0.8,1,1001
F4,32,407.11,39,1.95,5,60.0,0.458056,0.232039,0.875,1.0,0.875,1.0,1.0,0.8,1,1001
F4,33,418.11,40,-1.02,5,60.0,0.444963,0.254038,0.8875,1.0,0.8875,1.0,1.0,0.8,1,1001
F4,34,428.11,41,-2.85,5,60.0,0.452878,0.25834,0.9125,1.0,0.875,0.9,1.0,1.0,1,1001
F4,35,438.11,43,3.16,5,60.0,0.453888,0.214094,0.9,1.0,0.925,1.0,1.0,0.8,1,1001
F4,36,448.11,44,1.34,5,60.0,0.413316,0.198142,0.6875,1.0,0.875,0.9125,1.0,0.95,1,1001
F4,37,457.61,45,0.04,5,60.0,0.424172,0.256883,0.725,1.0,0.8875,0.95,1.0,1.0,1,1001
F4,38,467.12,46,-1.46,5,60.0,0.471115,0.259473,0.8625,1.0,0.8625,1.0,1.0,1.0,1,1001
F4,39,477.11,47,-3.26,5,50.0,0.453959,0.218941,0.875,1.0,0.925,0.9125,1.0,0.8,1,1001
F4,40,488.61,49,1.25,5,50.0,0.460173,0.201265,0.875,1.0,0.925,0.975,1.0,0.8,1,1001
F4,41,499.11,50,-1.06,5,50.0,0.453956,0.204332,0.8625,1.0,0.9375,0.8875,1.0,0.8,1,1001
F4,42,509.61,51,-3.54,5,50.0,0.441226,0.216121,0.875,1.0,0.9,0.925,1.0,0.8,1,1001
F4,43,519.61,53,2.84,5,50.0,0.45072,0.214875,0.8625,1.0,0.8625,1.0,1.0,0.8,1,1001
F4,44,528.61,54,2.05,5,50.0,0.467259,0.196972,0.925,1.0,1.0,0.95,1.0,0.85,1,1001
F4,45,537.11,55,1.57,5,50.0,0.49316,0.191458,0.9875,1.0,0.9,0.9375,1.0,1.0,1,1001
F4,46,547.61,56,-0.75,5,50.0,0.484333,0.196339,0.9625,1.0,1.0,0.85,1.0,0.85,1,1001
F4,47,557.11,57,-2.24,5,50.0,0.48807,0.159767,0.9,1.0,1.0,0.6375,1.0,0.85,1,1001
F4,48,566.61,58,-3.56,5,50.0,0.483611,0.186914,0.95,1.0,1.0,0.65,1.0,0.85,1,1001
F4,49,575.61,60,3.45,5,50.0,0.483344,0.243189,0.925,1.0,1.0,1.0,1.0,0.875,1,1001
F4,50,584.61,61,2.45,5,50.0,0.478795,0.240195,0.9,1.0,0.9,0.6125,1.0,0.8125,1,1001
F4,51,594.11,62,1.15,5,50.0,0.465619,0.264664,0.925,1.0,0.9125,1.0,1.0,0.85,1,1001
F4,52,605.11,63,-1.65,5,50.0,0.441908,0.280653,0.9125,1.0,0.7,0.8875,1.0,0.85,1,1001
F4,53,615.61,64,-3.95,5,50.0,0.451151,0.268073,0.9125,1.0,0.9,1.0,1.0,0.8375,1,1001
F4,54,626.11,66,1.76,5,50.0,0.472422,0.277881,0.8,1.0,0.8,1.0,1.0,1.0,1,1001
F4,55,636.62,67,-0.56,5,50.0,0.503727,0.279961,1.0,1.0,1.0,1.0,1.0,1.0,1,1001
F4,0,93.61,0,-0.48,5,60.0,0.460907,0.00687,0.4,1.0,1.0,0.4,0.0,0.5875,2,1002
F4,1,101.11,1,0.15,5,60.0,0.443754,0.008295,0.4,1.0,1.0,0.4,0.0,0.6,2,1002
F4,2,110.11,2,-0.85,5,60.0,0.448094,9e-06,0.4,1.0,1.0,0.2,1.0,0.575,2,1002
F4,3,118.11,3,-0.66,5,60.0,0.429131,0.000318,0.4,1.0,0.8375,0.2,1.0,0.5875,2,1002
F4,4,126.11,4,-0.46,5,60.0,0.44396,0.004931,0.4,1.0,0.8,0.2,1.0,0.7125,2,1002
F4,5,134.61,5,-0.95,5,60.0,0.473532,0.070826,0.6,1.0,1.0,0.4,1.0,0.8,2,1002
F4,6,144.61,6,-2.93,5,60.0,0.468593,0.280748,0.6,1.0,1.0,0.6,1.0,1.0,2,1002
F4,7,154.61,8,3.25,5,60.0,0.457977,0.229541,0.6,1.0,1.0,0.75,1.0,0.8,2,1002
F4,8,165.11,9,0.75,5,60.0,0.450049,0.197691,0.6,1.0,1.0,1.0,1.0,0.8,2,1002
F4,9,175.11,10,-1.06,5,60.0,0.476187,0.299294,0.8,1.0,1.0,1.0,1.0,1.0,2,1002
F4,10,185.61,11,-3.55,5,60.0,0.486099,0.328463,1.0,1.0,1.0,1.0,1.0,1.0,2,1002
F4,11,196.11,13,2.35,5,60.0,0.479669,0.270153,1.0,1.0,1.0,1.0,1.0,1.0,2,1002
F4,12,206.11,14,0.38,5,60.0,0.474247,0.265874,1.0,1.0,1.0,1.0,1.0,1.0,2,1002
F4,13,217.11,15,-2.46,5,60.0,0.481794,0.280018,1.0,1.0,1.0,1.0,1.0,1.0,2,1002
F4,14,227.11,17,3.75,5,60.0,0.476413,0.28905,1.0,1.0,1.0,1.0,1.0,1.0,2,1002
F4,15,238.11,18,0.76,5,60.0,0.48741,0.2971,1.0,1.0,0.8,1.0,1.0,1.0,2,1002
F4,16,248.11,19,-1.05,5,60.0,0.494011,0.2765,1.0,1.0,0.8,1.0,1.0,1.0,2,1002
F4,17,258.11,20,-3.05,5,60.0,0.453344,0.281558,0.6625,1.0,0.8,0.875,1.0,1.0,2,1002
F4,18,267.61,22,3.65,5,60.0,0.46858,0.24763,0.8,1.0,0.65,0.8,1.0,1.0,2,1002
F4,19,278.11,23,1.16,5,60.0,0.422815,0.262515,0.65,1.0,0.65,0.8,1.0,0.8,2,1002
F4,20,289.11,24,-1.82,5,60.0,0.451599,0.23817,0.6625,1.0,1.0,0.8,1.0,1.0,2,1002
F4,21,298.11,25,-2.65,5,60.0,0.458283,0.246441,0.8125,1.0,1.0,0.8,1.0,0.95,2,1002
F4,22,308.11,27,3.55,5,60.0,0.454437,0.285235,0.8125,1.0,0.8,1.0,1.0,1.0,2,1002
F4,23,319.11,28,0.55,5,60.0,0.499972,0.22277,1.0,1.0,0.8375,1.0,1.0,0.975,2,1002
F4,24,328.61,29,-0.75,5,60.0,0.488426,0.224824,0.9,1.0,0.8,0.95,1.0,0.95,2,1002
F4,25,337.61,30,-1.74,5,60.0,0.499135,0.218836,0.9125,1.0,0.8625,0.95,1.0,0.95,2,1002
F4,26,347.61,31,-3.73,5,60.0,0.474607,0.243828,0.9125,1.0,0.8,0.95,1.0,0.925,2,1002
F4,27,356.11,33,3.96,5,60.0,0.517098,0.232497,1.0,1.0,1.0,1.0,1.0,0.9,2,1002
F4,28,365.11,34,3.16,5,60.0,0.524795,0.222187,0.925,1.0,1.0,0.8,1.0,0.9375,2,1002
F4,29,375.11,35,1.36,5,60.0,0.4893,0.227061,0.875,1.0,0.8,1.0,1.0,0.8,2,1002
F4,30,385.11,36,-0.45,5,60.0,0.501686,0.232545,0.8875,1.0,1.0,1.0,1.0,1.0,2,1002
F4,31,396.11,37,-3.23,5,60.0,0.513601,0.23938,0.875,1.0,0.975,1.0,1.0,0.8,2,1002
F4,32,407.11,39,1.95,5,60.0,0.496802,0.232039,0.8625,1.0,0.9125,1.0,1.0,0.8,2,1002
F4,33,418.11,40,-1.02,5,60.0,0.477639,0.254038,0.875,1.0,0.7375,1.0,1.0,0.8,2,1002
F4,34,428.11,41,-2.85,5,60.0,0.471,0.25834,0.85,1.0,0.9125,0.9,1.0,1.0,2,1002
F4,35,438.11,43,3.16,5,60.0,0.489786,0.214094,0.875,1.0,0.95,1.0,1.0,0.8,2,1002
F4,36,448.11,44,1.34,5,60.0,0.505471,0.198142,0.85,1.0,0.9125,0.9125,1.0,0.95,2,1002
F4,37,457.61,45,0.04,5,60.0,0.51381,0.256883,0.9125,1.0,0.925,0.95,1.0,1.0,2,1002
F4,38,467.12,46,-1.46,5,60.0,0.494201,0.259473,0.85,1.0,0.875,1.0,1.0,1.0,2,1002
F4,39,477.11,47,-3.26,5,50.0,0.469004,0.218941,0.85,1.0,0.8875,0.9125,1.0,0.8,2,1002
F4,40,488.61,49,1.25,5,50.0,0.478632,0.201265,0.8625,1.0,0.9,0.975,1.0,0.8,2,1002
F4,41,499.11,50,-1.06,5,50.0,0.466903,0.204332,0.85,1.0,0.85,0.8875,1.0,0.8,2,1002
F4,42,509.61,51,-3.54,5,50.0,0.463435,0.216121,0.85,1.0,0.8875,0.925,1.0,0.8,2,1002
F4,43,519.61,53,2.84,5,50.0,0.458444,0.214875,0.875,1.0,0.9,1.0,1.0,0.8,2,1002
F4,44,528.61,54,2.05,5,50.0,0.472513,0.196972,0.9,1.0,0.925,0.95,1.0,0.85,2,1002
F4,45,537.11,55,1.57,5,50.0,0.495059,0.191458,0.9875,1.0,0.9375,0.9375,1.0,1.0,2,1002
F4,46,547.61,56,-0.75,5,50.0,0.484363,0.196339,0.95,1.0,0.9375,0.85,1.0,0.85,2,1002
F4,47,557.11,57,-2.24,5,50.0,0.487035,0.159767,0.9,1.0,0.9125,0.6375,1.0,0.85,2,1002
F4,48,566.61,58,-3.56,5,50.0,0.483835,0.186914,0.95,1.0,0.925,0.65,1.0,0.85,2,1002
F4,49,575.61,60,3.45,5,50.0,0.473834,0.243189,0.9125,1.0,0.975,1.0,1.0,0.875,2,1002
F4,50,584.61,61,2.45,5,50.0,0.471293,0.240195,0.9375,1.0,0.9125,0.6125,1.0,0.8125,2,1002
F4,51,594.11,62,1.15,5,50.0,0.446919,0.264664,0.9125,1.0,0.9375,1.0,1.0,0.85,2,1002
F4,52,605.11,63,-1.65,5,50.0,0.429901,0.280653,0.7125,1.0,0.925,0.8875,1.0,0.85,2,1002
F4,53,615.61,64,-3.95,5,50.0,0.44472,0.268073,0.9125,1.0,0.925,1.0,1.0,0.8375,2,1002
F4,54,626.11,66,1.76,5,50.0,0.463472,0.277881,0.8,1.0,1.0,1.0,1.0,1.0,2,1002
F4,55,636.62,67,-0.56,5,50.0,0.501238,0.279961,1.0,1.0,1.0,1.0,1.0,1.0,2,1002
F4,0,93.61,0,-0.48,5,60.0,0.431613,0.00687,0.4,1.0,1.0,0.4,0.0,0.5875,3,1003
F4,1,101.11,1,0.15,5,60.0,0.427701,0.008295,0.2,1.0,1.0,0.4,0.0,0.6,3,1003
F4,2,110.11,2,-0.85,5,60.0,0.441607,9e-06,0.2,1.0,1.0,0.2,1.0,0.575,3,1003
F4,3,118.11,3,-0.66,5,60.0,0.434106,0.000318,0.8,1.0,0.95,0.2,1.0,0.5875,3,1003
F4,4,126.11,4,-0.46,5,60.0,0.459715,0.004931,0.6,1.0,1.0,0.2,1.0,0.7125,3,1003
F4,5,134.61,5,-0.95,5,60.0,0.486715,0.070826,0.8,1.0,1.0,0.4,1.0,0.8,3,1003
F4,6,144.61,6,-2.93,5,60.0,0.488302,0.280748,0.8,1.0,1.0,0.6,1.0,1.0,3,1003
F4,7,154.61,8,3.25,5,60.0,0.469284,0.229541,0.6,1.0,1.0,0.75,1.0,0.8,3,1003
F4,8,165.11,9,0.75,5,60.0,0.447574,0.197691,0.6,1.0,1.0,1.0,1.0,0.8,3,1003
F4,9,175.11,10,-1.06,5,60.0,0.477683,0.299294,1.0,1.0,1.0,1.0,1.0,1.0,3,1003
F4,10,185.61,11,-3.55,5,60.0,0.474706,0.328463,1.0,1.0,1.0,1.0,1.0,1.0,3,1003
F4,11,196.11,13,2.35,5,60.0,0.478055,0.270153,1.0,1.0,1.0,1.0,1.0,1.0,3,1003
F4,12,206.11,14,0.38,5,60.0,0.47424,0.265874,1.0,1.0,0.8,1.0,1.0,1.0,3,1003
F4,13,217.11,15,-2.46,5,60.0,0.479149,0.280018,1.0,1.0,1.0,1.0,1.0,1.0,3,1003
F4,14,227.11,17,3.75,5,60.0,0.507989,0.28905,1.0,1.0,1.0,1.0,1.0,1.0,3,1003
F4,15,238.11,18,0.76,5,60.0,0.523178,0.2971,1.0,1.0,0.8,1.0,1.0,1.0,3,1003
F4,16,248.11,19,-1.05,5,60.0,0.530974,0.2765,1.0,1.0,0.8,1.0,1.0,1.0,3,1003
F4,17,258.11,20,-3.05,5,60.0,0.468947,0.281558,0.6625,1.0,0.7,0.875,1.0,1.0,3,1003
F4,18,267.61,22,3.65,5,60.0,0.458554,0.24763,0.8,1.0,0.65,0.8,1.0,1.0,3,1003
F4,19,278.11,23,1.16,5,60.0,0.420748,0.262515,0.65,1.0,0.85,0.8,1.0,0.8,3,1003
F4,20,289.11,24,-1.82,5,60.0,0.444578,0.23817,0.6625,1.0,1.0,0.8,1.0,1.0,3,1003
F4,21,298.11,25,-2.65,5,60.0,0.446787,0.246441,0.8125,1.0,0.8875,0.8,1.0,0.95,3,1003
F4,22,308.11,27,3.55,5,60.0,0.453793,0.285235,0.8125,1.0,0.6875,1.0,1.0,1.0,3,1003
F4,23,319.11,28,0.55,5,60.0,0.496357,0.22277,1.0,1.0,0.9125,1.0,1.0,0.975,3,1003
F4,24,328.61,29,-0.75,5,60.0,0.470884,0.224824,0.8625,1.0,0.9125,0.95,1.0,0.95,3,1003
F4,25,337.61,30,-1.74,5,60.0,0.486264,0.218836,0.8625,1.0,0.9125,0.95,1.0,0.95,3,1003
F4,26,347.61,31,-3.73,5,60.0,0.481226,0.243828,0.8875,1.0,0.925,0.95,1.0,0.925,3,1003
F4,27,356.11,33,3.96,5,60.0,0.518029,0.232497,1.0,1.0,1.0,1.0,1.0,0.9,3,1003
F4,28,365.11,34,3.16,5,60.0,0.537398,0.222187,0.925,1.0,0.975,0.8,1.0,0.9375,3,1003
F4,29,375.11,35,1.36,5,60.0,0.501746,0.227061,0.8875,1.0,0.9625,1.0,1.0,0.8,3,1003
F4,30,385.11,36,-0.45,5,60.0,0.513211,0.232545,0.925,1.0,0.975,1.0,1.0,1.0,3,1003
F4,31,396.11,37,-3.23,5,60.0,0.513084,0.23938,0.875,1.0,0.9375,1.0,1.0,0.8,3,1003
F4,32,407.11,39,1.95,5,60.0,0.493984,0.232039,0.8625,1.0,0.8875,1.0,1.0,0.8,3,1003
F4,33,418.11,40,-1.02,5,60.0,0.476777,0.254038,0.875,1.0,0.9,1.0,1.0,0.8,3,1003
F4,34,428.11,41,-2.85,5,60.0,0.469156,0.25834,0.85,1.0,0.875,0.9,1.0,1.0,3,1003
F4,35,438.11,43,3.16,5,60.0,0.478275,0.214094,0.825,1.0,0.925,1.0,1.0,0.8,3,1003
F4,36,448.11,44,1.34,5,60.0,0.469902,0.198142,0.85,1.0,0.875,0.9125,1.0,0.95,3,1003
F4,37,457.61,45,0.04,5,60.0,0.477608,0.256883,0.8625,1.0,0.9125,0.95,1.0,1.0,3,1003
F4,38,467.12,46,-1.46,5,60.0,0.470112,0.259473,0.85,1.0,0.8625,1.0,1.0,1.0,3,1003
F4,39,477.11,47,-3.26,5,50.0,0.450268,0.218941,0.85,1.0,0.875,0.9125,1.0,0.8,3,1003
F4,40,488.61,49,1.25,5,50.0,0.460746,0.201265,0.8625,1.0,0.9,0.975,1.0,0.8,3,1003
F4,41,499.11,50,-1.06,5,50.0,0.448764,0.204332,0.85,1.0,0.8875,0.8875,1.0,0.8,3,1003
F4,42,509.61,51,-3.54,5,50.0,0.441741,0.216121,0.85,1.0,0.8875,0.925,1.0,0.8,3,1003
F4,43,519.61,53,2.84,5,50.0,0.447429,0.214875,0.875,1.0,0.8875,1.0,1.0,0.8,3,1003
F4,44,528.61,54,2.05,5,50.0,0.456255,0.196972,0.9,1.0,0.8875,0.95,1.0,0.85,3,1003
F4,45,537.11,55,1.57,5,50.0,0.473757,0.191458,0.9875,1.0,0.9,0.9375,1.0,1.0,3,1003
F4,46,547.61,56,-0.75,5,50.0,0.472068,0.196339,0.95,1.0,0.9375,0.85,1.0,0.85,3,1003
F4,47,557.11,57,-2.24,5,50.0,0.472485,0.159767,0.9,1.0,0.9125,0.6375,1.0,0.85,3,1003
F4,48,566.61,58,-3.56,5,50.0,0.470334,0.186914,0.95,1.0,0.925,0.65,1.0,0.85,3,1003
F4,49,575.61,60,3.45,5,50.0,0.469215,0.243189,0.9125,1.0,0.9625,1.0,1.0,0.875,3,1003
F4,50,584.61,61,2.45,5,50.0,0.463881,0.240195,0.9375,1.0,0.9,0.6125,1.0,0.8125,3,1003
F4,51,594.11,62,1.15,5,50.0,0.449615,0.264664,0.9125,1.0,0.925,1.0,1.0,0.85,3,1003
F4,52,605.11,63,-1.65,5,50.0,0.443119,0.280653,0.7125,1.0,0.9125,0.8875,1.0,0.85,3,1003
F4,53,615.61,64,-3.95,5,50.0,0.451231,0.268073,0.7125,1.0,0.9125,1.0,1.0,0.8375,3,1003
F4,54,626.11,66,1.76,5,50.0,0.473947,0.277881,0.8,1.0,1.0,1.0,1.0,1.0,3,1003
F4,55,636.62,67,-0.56,5,50.0,0.503214,0.279961,1.0,1.0,1.0,1.0,1.0,1.0,3,1003
F4,0,93.61,0,-0.48,5,60.0,0.448401,0.00687,1.0,1.0,0.6,0.4,0.0,0.5875,4,1004
F4,1,101.11,1,0.15,5,60.0,0.475878,0.008295,1.0,1.0,0.8,0.4,0.0,0.6,4,1004
F4,2,110.11,2,-0.85,5,60.0,0.518067,9e-06,1.0,1.0,1.0,0.2,1.0,0.575,4,1004
F4,3,118.11,3,-0.66,5,60.0,0.4768,0.000318,1.0,1.0,0.775,0.2,1.0,0.5875,4,1004
F4,4,126.11,4,-0.46,5,60.0,0.471659,0.004931,1.0,1.0,0.8625,0.2,1.0,0.7125,4,1004
F4,5,134.61,5,-0.95,5,60.0,0.442523,0.070826,1.0,1.0,0.8625,0.4,1.0,0.8,4,1004
F4,6,144.61,6,-2.93,5,60.0,0.475191,0.280748,1.0,1.0,1.0,0.6,1.0,1.0,4,1004
F4,7,154.61,8,3.25,5,60.0,0.450529,0.229541,1.0,1.0,0.9875,0.75,1.0,0.8,4,1004
F4,8,165.11,9,0.75,5,60.0,0.461412,0.197691,1.0,1.0,1.0,1.0,1.0,0.8,4,1004
F4,9,175.11,10,-1.06,5,60.0,0.455521,0.299294,1.0,1.0,1.0,1.0,1.0,1.0,4,1004
F4,10,185.61,11,-3.55,5,60.0,0.474957,0.328463,1.0,1.0,1.0,1.0,1.0,1.0,4,1004
F4,11,196.11,13,2.35,5,60.0,0.485679,0.270153,1.0,1.0,1.0,1.0,1.0,1.0,4,1004
F4,12,206.11,14,0.38,5,60.0,0.482308,0.265874,1.0,1.0,1.0,1.0,1.0,1.0,4,1004
F4,13,217.11,15,-2.46,5,60.0,0.486433,0.280018,1.0,1.0,1.0,1.0,1.0,1.0,4,1004
F4,14,227.11,17,3.75,5,60.0,0.467502,0.28905,1.0,1.0,1.0,1.0,1.0,1.0,4,1004
F4,15,238.11,18,0.76,5,60.0,0.495075,0.2971,1.0,1.0,0.8,1.0,1.0,1.0,4,1004
F4,16,248.11,19,-1.05,5,60.0,0.497444,0.2765,1.0,1.0,0.8,1.0,1.0,1.0,4,1004
F4,17,258.11,20,-3.05,5,60.0,0.420602,0.281558,0.6625,1.0,0.675,0.875,1.0,1.0,4,1004
F4,18,267.61,22,3.65,5,60.0,0.436062,0.24763,0.8,1.0,0.8375,0.8,1.0,1.0,4,1004
F4,19,278.11,23,1.16,5,60.0,0.439613,0.262515,0.65,1.0,0.8625,0.8,1.0,0.8,4,1004
F4,20,289.11,24,-1.82,5,60.0,0.453879,0.23817,0.6625,1.0,0.8875,0.8,1.0,1.0,4,1004
F4,21,298.11,25,-2.65,5,60.0,0.470291,0.246441,0.8125,1.0,0.8625,0.8,1.0,0.95,4,1004
F4,22,308.11,27,3.55,5,60.0,0.432675,0.285235,0.6625,1.0,0.8875,1.0,1.0,1.0,4,1004
F4,23,319.11,28,0.55,5,60.0,0.454253,0.22277,1.0,1.0,0.9,1.0,1.0,0.975,4,1004
F4,24,328.61,29,-0.75,5,60.0,0.446653,0.224824,0.9,1.0,0.9,0.95,1.0,0.95,4,1004
F4,25,337.61,30,-1.74,5,60.0,0.453187,0.218836,0.9125,1.0,0.9125,0.95,1.0,0.95,4,1004
F4,26,347.61,31,-3.73,5,60.0,0.42793,0.243828,0.9125,1.0,0.9375,0.95,1.0,0.925,4,1004
F4,27,356.11,33,3.96,5,60.0,0.473911,0.232497,1.0,1.0,1.0,1.0,1.0,0.9,4,1004
F4,28,365.11,34,3.16,5,60.0,0.50335,0.222187,0.925,1.0,0.95,0.8,1.0,0.9375,4,1004
F4,29,375.11,35,1.36,5,60.0,0.470737,0.227061,0.8875,1.0,0.9625,1.0,1.0,0.8,4,1004
F4,30,385.11,36,-0.45,5,60.0,0.471014,0.232545,0.8875,1.0,0.9625,1.0,1.0,1.0,4,1004
F4,31,396.11,37,-3.23,5,60.0,0.476578,0.23938,0.8375,1.0,0.925,1.0,1.0,0.8,4,1004
F4,32,407.11,39,1.95,5,60.0,0.453961,0.232039,0.8625,1.0,0.875,1.0,1.0,0.8,4,1004
F4,33,418.11,40,-1.02,5,60.0,0.43754,0.254038,0.875,1.0,0.875,1.0,1.0,0.8,4,1004
F4,34,428.11,41,-2.85,5,60.0,0.418529,0.25834,0.85,1.0,0.8625,0.9,1.0,1.0,4,1004
F4,35,438.11,43,3.16,5,60.0,0.463723,0.214094,0.875,1.0,0.925,1.0,1.0,0.8,4,1004
F4,36,448.11,44,1.34,5,60.0,0.446256,0.198142,0.65,1.0,0.8875,0.9125,1.0,0.95,4,1004
F4,37,457.61,45,0.04,5,60.0,0.453362,0.256883,0.6625,1.0,0.9,0.95,1.0,1.0,4,1004
F4,38,467.12,46,-1.46,5,60.0,0.442166,0.259473,0.65,1.0,0.875,1.0,1.0,1.0,4,1004
F4,39,477.11,47,-3.26,5,50.0,0.42104,0.218941,0.85,1.0,0.8875,0.9125,1.0,0.8,4,1004
F4,40,488.61,49,1.25,5,50.0,0.436456,0.201265,0.8625,1.0,0.9,0.975,1.0,0.8,4,1004
F4,41,499.11,50,-1.06,5,50.0,0.416874,0.204332,0.85,1.0,1.0,0.8875,1.0,0.8,4,1004
F4,42,509.61,51,-3.54,5,50.0,0.425958,0.216121,0.85,1.0,0.8875,0.925,1.0,0.8,4,1004
F4,43,519.61,53,2.84,5,50.0,0.443158,0.214875,0.8625,1.0,0.9,1.0,1.0,0.8,4,1004
F4,44,528.61,54,2.05,5,50.0,0.45949,0.196972,0.9,1.0,0.925,0.95,1.0,0.85,4,1004
F4,45,537.11,55,1.57,5,50.0,0.475133,0.191458,0.95,1.0,1.0,0.9375,1.0,1.0,4,1004
F4,46,547.61,56,-0.75,5,50.0,0.441354,0.196339,0.95,1.0,0.925,0.85,1.0,0.85,4,1004
F4,47,557.11,57,-2.24,5,50.0,0.45336,0.159767,0.9,1.0,0.9125,0.6375,1.0,0.85,4,1004
F4,48,566.61,58,-3.56,5,50.0,0.452118,0.186914,0.95,1.0,0.9625,0.65,1.0,0.85,4,1004
F4,49,575.61,60,3.45,5,50.0,0.452386,0.243189,0.9125,1.0,0.9625,1.0,1.0,0.875,4,1004
F4,50,584.61,61,2.45,5,50.0,0.446949,0.240195,0.9375,1.0,0.9125,0.6125,1.0,0.8125,4,1004
F4,51,594.11,62,1.15,5,50.0,0.429653,0.264664,0.9125,1.0,0.9375,1.0,1.0,0.85,4,1004
F4,52,605.11,63,-1.65,5,50.0,0.464137,0.280653,0.9125,1.0,0.9375,0.8875,1.0,0.85,4,1004
F4,53,615.61,64,-3.95,5,50.0,0.462193,0.268073,0.9125,1.0,0.9375,1.0,1.0,0.8375,4,1004
F4,54,626.11,66,1.76,5,50.0,0.49504,0.277881,1.0,1.0,1.0,1.0,1.0,1.0,4,1004
F4,55,636.62,67,-0.56,5,50.0,0.520208,0.279961,1.0,1.0,1.0,1.0,1.0,1.0,4,1004
F3,0,81.42,0,-0.18,3,60.0,0.561253,0.011664,1.0,1.0,1.0,0.3333,0.0,0.6667,0,2000
F3,1,89.92,1,5.08,3,60.0,0.669964,0.002187,1.0,1.0,1.0,0.0,0.0,0.3333,0,2000
F3,2,97.92,1,-2.92,3,60.0,0.670026,0.002242,1.0,1.0,1.0,0.0,0.0,0.3333,0,2000
F3,3,105.92,2,-0.23,3,60.0,0.66763,0.00174,1.0,1.0,1.0,0.0,1.0,0.6667,0,2000
F3,4,113.92,3,1.77,3,60.0,0.674152,0.014096,1.0,1.0,1.0,0.3333,1.0,0.3333,0,2000
F3,5,121.92,4,3.77,3,60.0,0.554978,0.021145,0.7917,1.0,0.6667,0.6667,1.0,0.0,0,2000
F3,6,129.92,4,-4.23,3,60.0,0.555983,0.011604,0.7917,1.0,0.6667,0.6667,1.0,0.0,0,2000
F3,7,138.42,5,-2.73,3,60.0,0.669631,0.153284,1.0,1.0,0.9375,1.0,1.0,0.3333,0,2000
F3,8,145.93,6,-2.22,3,60.0,0.614653,0.160577,1.0,1.0,0.7083,1.0,1.0,0.0,0,2000
F3,10,163.42,7,-0.12,3,60.0,0.566163,0.345469,0.75,1.0,0.6875,0.6458,1.0,0.4583,0,2000
F3,11,171.42,8,1.71,3,60.0,0.568307,0.468232,1.0,1.0,0.6042,0.7083,1.0,0.7083,0,2000
F3,12,180.42,9,2.71,3,60.0,0.512239,0.482263,1.0,1.0,0.8542,0.6042,1.0,0.75,0,2000
F3,13,189.92,10,3.21,3,60.0,0.550161,0.463303,0.7917,1.0,0.8125,0.8333,1.0,0.75,0,2000
F3,14,198.92,11,4.21,3,60.0,0.552055,0.474606,0.7917,1.0,0.8125,0.8333,1.0,0.75,0,2000
F3,15,327.42,24,-0.08,16,60.0,0.334347,5e-06,0.7891,1.0,0.7148,0.0625,0.5625,0.2852,0,2000
F3,16,341.42,26,2.12,16,60.0,0.332625,2e-06,0.6875,1.0,0.7695,0.0625,0.5625,0.2891,0,2000
F3,17,356.92,28,2.98,13,60.0,0.3857,0.0,0.9231,1.0,0.8173,0.0,0.0,0.0,0,2000
F3,18,367.92,29,-0.01,13,60.0,0.376186,0.0,0.7837,1.0,0.7692,0.0,0.0,0.0,0,2000
F3,19,379.93,30,-3.99,13,60.0,0.380574,0.017027,0.774,1.0,0.8846,0.1779,1.0,0.7452,0,2000
F3,20,393.92,32,-1.81,15,60.0,0.390849,0.256984,0.875,1.0,0.8792,0.7917,1.0,0.9375,0,2000
F3,21,406.42,34,1.89,15,60.0,0.387255,0.272634,0.9833,1.0,0.9625,0.8625,1.0,0.9333,0,2000
F3,22,419.42,35,-3.11,14,60.0,0.379395,0.293041,0.9509,1.0,0.9018,0.75,1.0,0.9554,0,2000
F3,23,431.42,37,0.89,14,60.0,0.370881,0.294795,0.9777,1.0,0.875,0.9554,1.0,0.7991,0,2000
F3,24,445.43,39,2.91,14,60.0,0.381487,0.31889,0.9107,1.0,0.8884,0.8705,1.0,0.8661,0,2000
F3,25,459.93,40,-3.42,14,60.0,0.378775,0.302077,0.9018,1.0,0.8839,0.7411,1.0,0.8438,0,2000
F3,26,473.42,42,-0.7,14,60.0,0.401606,0.311572,0.9732,1.0,0.9554,0.8661,1.0,0.9777,0,2000
F3,27,488.42,44,0.31,14,60.0,0.410215,0.333182,0.9777,1.0,0.9196,0.8973,1.0,0.9777,0,2000
F3,28,501.92,46,2.99,14,60.0,0.398035,0.310186,0.9062,1.0,0.8482,0.9598,1.0,0.9286,0,2000
F3,29,515.92,47,-3.0,14,60.0,0.406888,0.316237,0.9107,1.0,0.8304,0.9598,1.0,0.9375,0,2000
F3,30,530.92,49,-1.8,14,60.0,0.412793,0.287481,0.9107,1.0,0.8929,0.9375,1.0,0.8705,0,2000
F3,31,543.92,51,1.59,14,60.0,0.386799,0.3265,0.9732,1.0,0.9286,0.9464,1.0,0.9777,0,2000
F3,32,554.92,52,0.81,14,60.0,0.396055,0.307095,0.9241,1.0,0.8705,0.9688,1.0,0.9554,0,2000
F3,33,563.42,53,0.48,14,60.0,0.381606,0.264344,0.9732,1.0,0.9152,0.9955,1.0,0.9732,0,2000
F3,34,572.93,54,-1.01,13,60.0,0.405084,0.280945,0.9615,1.0,0.899,0.9904,1.0,1.0,0,2000
F3,35,581.92,55,-1.82,12,60.0,0.421356,0.290386,0.9583,1.0,0.8802,0.9792,1.0,0.9896,0,2000
F3,36,590.42,56,-1.49,12,60.0,0.393695,0.181806,0.9167,1.0,0.8854,0.8646,1.0,0.8854,0,2000
F3,38,605.92,57,0.47,6,60.0,0.484493,0.21211,0.8021,1.0,0.9062,0.9688,1.0,0.8333,0,2000
F3,39,613.92,58,4.73,5,60.0,0.484352,0.210639,0.925,1.0,0.875,0.8,1.0,0.9125,0,2000
F3,40,623.93,59,4.72,10,60.0,0.379693,0.033199,0.8625,1.0,0.8313,0.775,1.0,0.6312,0,2000
F3,41,634.42,60,4.23,10,60.0,0.388566,0.124282,0.85,1.0,0.925,0.6375,1.0,0.7812,0,2000
F3,42,645.92,61,2.73,10,60.0,0.394482,0.127333,0.8812,1.0,0.9688,0.8,1.0,0.7688,0,2000
F3,43,655.42,62,3.23,10,60.0,0.369868,0.146316,0.8812,1.0,1.0,0.875,1.0,1.0,0,2000
F3,44,664.42,63,4.23,9,60.0,0.439776,0.238746,1.0,1.0,1.0,1.0,1.0,0.9306,0,2000
F3,45,673.92,64,4.73,10,60.0,0.382091,0.201262,0.9,1.0,0.9437,0.9,1.0,0.9812,0,2000
F3,46,683.92,65,4.73,10,60.0,0.35185,0.167897,0.9,1.0,0.9062,0.8438,1.0,0.8562,0,2000
F3,47,693.92,66,4.73,12,60.0,0.36948,0.184207,0.9896,1.0,1.0,0.9167,1.0,0.9844,0,2000
F3,48,704.92,67,5.1,12,60.0,0.356954,0.193894,0.9062,1.0,0.9844,1.0,1.0,0.9688,0,2000
F3,49,712.92,67,-2.9,12,60.0,0.358561,0.187959,0.9062,1.0,0.9844,1.0,1.0,0.9688,0,2000
F3,50,718.42,68,2.08,11,60.0,0.335168,0.18413,0.8977,1.0,0.8011,0.9602,1.0,0.7841,0,2000
F3,51,725.92,69,4.58,6,60.0,0.33637,0.185787,0.8958,1.0,0.875,0.9271,1.0,0.8438,0,2000
F3,52,732.92,69,-2.42,6,60.0,0.341902,0.18571,0.7292,1.0,0.875,0.9271,1.0,0.8438,0,2000
F3,53,739.92,70,0.58,8,60.0,0.363637,0.303358,0.8281,1.0,0.9531,0.9844,1.0,0.8906,0,2000
F3,54,747.92,71,2.58,6,60.0,0.384453,0.240084,1.0,1.0,0.8333,1.0,1.0,1.0,0,2000
F3,0,81.42,0,-0.18,3,60.0,0.49659,0.011664,1.0,1.0,1.0,0.3333,0.0,0.6667,1,2001
F3,1,89.92,1,5.08,3,60.0,0.562595,0.002187,1.0,1.0,1.0,0.0,0.0,0.3333,1,2001
F3,2,97.92,1,-2.92,3,60.0,0.655397,0.002242,1.0,1.0,1.0,0.0,0.0,0.3333,1,2001
F3,3,105.92,2,-0.23,3,60.0,0.657603,0.00174,1.0,1.0,1.0,0.0,1.0,0.6667,1,2001
F3,4,113.92,3,1.77,3,60.0,0.669595,0.014096,1.0,1.0,1.0,0.3333,1.0,0.3333,1,2001
F3,5,121.92,4,3.77,3,60.0,0.532151,0.021145,0.6458,1.0,0.6667,0.6667,1.0,0.0,1,2001
F3,6,129.92,4,-4.23,3,60.0,0.537399,0.011604,0.6458,1.0,0.6667,0.6667,1.0,0.0,1,2001
F3,7,138.42,5,-2.73,3,60.0,0.623199,0.153284,1.0,1.0,0.9375,1.0,1.0,0.3333,1,2001
F3,8,145.93,6,-2.22,3,60.0,0.526805,0.160577,0.7708,1.0,0.7083,1.0,1.0,0.0,1,2001
F3,10,163.42,7,-0.12,3,60.0,0.501788,0.345469,0.6042,1.0,0.75,0.6458,1.0,0.4583,1,2001
F3,11,171.42,8,1.71,3,60.0,0.50694,0.468232,0.8958,1.0,0.5417,0.7083,1.0,0.7083,1,2001
F3,12,180.42,9,2.71,3,60.0,0.459535,0.482263,0.7083,1.0,0.8125,0.6042,1.0,0.75,1,2001
F3,13,189.92,10,3.21,3,60.0,0.519987,0.463303,0.6667,1.0,1.0,0.8333,1.0,0.75,1,2001
F3,14,198.92,11,4.21,3,60.0,0.534455,0.474606,0.6667,1.0,1.0,0.8333,1.0,0.75,1,2001
F3,15,327.42,24,-0.08,16,60.0,0.373457,5e-06,0.875,1.0,0.7969,0.0625,0.5625,0.2852,1,2001
F3,16,341.42,26,2.12,16,60.0,0.371413,2e-06,0.8906,1.0,0.8359,0.0625,0.5625,0.2891,1,2001
F3,17,356.92,28,2.98,13,60.0,0.397405,0.0,0.9231,1.0,1.0,0.0,0.0,0.0,1,2001
F3,18,367.92,29,-0.01,13,60.0,0.389058,0.0,0.899,1.0,0.899,0.0,0.0,0.0,1,2001
F3,19,379.93,30,-3.99,13,60.0,0.391621,0.017027,0.6923,1.0,0.9135,0.1779,1.0,0.7452,1,2001
F3,20,393.92,32,-1.81,15,60.0,0.402167,0.256984,0.8583,1.0,0.9375,0.7917,1.0,0.9375,1,2001
F3,21,406.42,34,1.89,15,60.0,0.418272,0.272634,0.7958,1.0,1.0,0.8625,1.0,0.9333,1,2001
F3,22,419.42,35,-3.11,14,60.0,0.405382,0.293041,0.75,1.0,0.9107,0.75,1.0,0.9554,1,2001
F3,23,431.42,37,0.89,14,60.0,0.387795,0.294795,0.6964,1.0,0.8705,0.9554,1.0,0.7991,1,2001
F3,24,445.43,39,2.91,14,60.0,0.398863,0.31889,0.7321,1.0,0.8482,0.8705,1.0,0.8661,1,2001
F3,25,459.93,40,-3.42,14,60.0,0.374879,0.302077,0.6741,1.0,0.7188,0.7411,1.0,0.8438,1,2001
F3,26,473.42,42,-0.7,14,60.0,0.396647,0.311572,0.7723,1.0,0.8839,0.8661,1.0,0.9777,1,2001
F3,27,488.42,44,0.31,14,60.0,0.388451,0.333182,0.817,1.0,0.9688,0.8973,1.0,0.9777,1,2001
F3,28,501.92,46,2.99,14,60.0,0.388748,0.310186,0.8616,1.0,0.9509,0.9598,1.0,0.9286,1,2001
F3,29,515.92,47,-3.0,14,60.0,0.368945,0.316237,0.7589,1.0,0.8839,0.9598,1.0,0.9375,1,2001
F3,30,530.92,49,-1.8,14,60.0,0.380507,0.287481,0.7634,1.0,0.7723,0.9375,1.0,0.8705,1,2001
F3,31,543.92,51,1.59,14,60.0,0.382281,0.3265,0.7857,1.0,0.7277,0.9464,1.0,0.9777,1,2001
F3,32,554.92,52,0.81,14,60.0,0.389352,0.307095,0.8304,1.0,0.6741,0.9688,1.0,0.9554,1,2001
F3,33,563.42,53,0.48,14,60.0,0.372463,0.264344,0.8884,1.0,0.8661,0.9955,1.0,0.9732,1,2001
F3,34,572.93,54,-1.01,13,60.0,0.402942,0.280945,0.8798,1.0,0.8029,0.9904,1.0,1.0,1,2001
F3,35,581.92,55,-1.82,12,60.0,0.412786,0.290386,0.9375,1.0,0.7448,0.9792,1.0,0.9896,1,2001
F3,36,590.42,56,-1.49,12,60.0,0.365238,0.181806,0.7708,1.0,0.6875,0.8646,1.0,0.8854,1,2001
F3,38,605.92,57,0.47,6,60.0,0.517369,0.21211,0.9167,1.0,1.0,0.9688,1.0,0.8333,1,2001
F3,39,613.92,58,4.73,5,60.0,0.510812,0.210639,0.875,1.0,0.8375,0.8,1.0,0.9125,1,2001
F3,40,623.93,59,4.72,10,60.0,0.408096,0.033199,0.8812,1.0,0.9125,0.775,1.0,0.6312,1,2001
F3,41,634.42,60,4.23,10,60.0,0.416439,0.124282,0.9375,1.0,0.825,0.6375,1.0,0.7812,1,2001
F3,42,645.92,61,2.73,10,60.0,0.41472,0.127333,0.9625,1.0,1.0,0.8,1.0,0.7688,1,2001
F3,43,655.42,62,3.23,10,60.0,0.407473,0.146316,0.975,1.0,1.0,0.875,1.0,1.0,1,2001
F3,44,664.42,63,4.23,9,60.0,0.446474,0.238746,1.0,1.0,0.9722,1.0,1.0,0.9306,1,2001
F3,45,673.92,64,4.73,10,60.0,0.400923,0.201262,0.9563,1.0,1.0,0.9,1.0,0.9812,1,2001
F3,46,683.92,65,4.73,10,60.0,0.376026,0.167897,0.8875,1.0,0.925,0.8438,1.0,0.8562,1,2001
F3,47,693.92,66,4.73,12,60.0,0.393192,0.184207,0.9844,1.0,1.0,0.9167,1.0,0.9844,1,2001
F3,48,704.92,67,5.1,12,60.0,0.365293,0.193894,0.901,1.0,0.9844,1.0,1.0,0.9688,1,2001
F3,49,712.92,67,-2.9,12,60.0,0.365297,0.187959,0.901,1.0,0.9844,1.0,1.0,0.9688,1,2001
F3,50,718.42,68,2.08,11,60.0,0.352199,0.18413,0.8807,1.0,0.7557,0.9602,1.0,0.7841,1,2001
F3,51,725.92,69,4.58,6,60.0,0.382386,0.185787,0.8333,1.0,0.875,0.9271,1.0,0.8438,1,2001
F3,52,732.92,69,-2.42,6,60.0,0.382643,0.18571,0.8333,1.0,0.875,0.9271,1.0,0.8438,1,2001
F3,53,739.92,70,0.58,8,60.0,0.394111,0.303358,1.0,1.0,0.9141,0.9844,1.0,0.8906,1,2001
F3,54,747.92,71,2.58,6,60.0,0.40527,0.240084,1.0,1.0,1.0,1.0,1.0,1.0,1,2001
F3,0,81.42,0,-0.18,3,60.0,0.58618,0.011664,1.0,1.0,1.0,0.3333,0.0,0.6667,2,2002
F3,1,89.92,1,5.08,3,60.0,0.661866,0.002187,1.0,1.0,1.0,0.0,0.0,0.3333,2,2002
F3,2,97.92,1,-2.92,3,60.0,0.663254,0.002242,1.0,1.0,1.0,0.0,0.0,0.3333,2,2002
F3,3,105.92,2,-0.23,3,60.0,0.664836,0.00174,1.0,1.0,1.0,0.0,1.0,0.6667,2,2002
F3,4,113.92,3,1.77,3,60.0,0.678417,0.014096,1.0,1.0,1.0,0.3333,1.0,0.3333,2,2002
F3,5,121.92,4,3.77,3,60.0,0.543225,0.021145,0.6458,1.0,0.6667,0.6667,1.0,0.0,2,2002
F3,6,129.92,4,-4.23,3,60.0,0.543775,0.011604,0.6458,1.0,0.6667,0.6667,1.0,0.0,2,2002
F3,7,138.42,5,-2.73,3,60.0,0.643283,0.153284,1.0,1.0,0.9375,1.0,1.0,0.3333,2,2002
F3,8,145.93,6,-2.22,3,60.0,0.551477,0.160577,0.7917,1.0,0.7083,1.0,1.0,0.0,2,2002
F3,10,163.42,7,-0.12,3,60.0,0.535628,0.345469,0.8333,1.0,0.75,0.6458,1.0,0.4583,2,2002
F3,11,171.42,8,1.71,3,60.0,0.511083,0.468232,0.7917,1.0,0.5417,0.7083,1.0,0.7083,2,2002
F3,12,180.42,9,2.71,3,60.0,0.531801,0.482263,0.9375,1.0,0.7292,0.6042,1.0,0.75,2,2002
F3,13,189.92,10,3.21,3,60.0,0.550537,0.463303,0.8542,1.0,0.7083,0.8333,1.0,0.75,2,2002
F3,14,198.92,11,4.21,3,60.0,0.551312,0.474606,0.7917,1.0,0.7083,0.8333,1.0,0.75,2,2002
F3,15,327.42,24,-0.08,16,60.0,0.322317,5e-06,0.1875,1.0,0.8438,0.0625,0.5625,0.2852,2,2002
F3,16,341.42,26,2.12,16,60.0,0.358568,2e-06,0.8164,1.0,0.9336,0.0625,0.5625,0.2891,2,2002
F3,17,356.92,28,2.98,13,60.0,0.388116,0.0,0.8413,1.0,0.875,0.0,0.0,0.0,2,2002
F3,18,367.92,29,-0.01,13,60.0,0.389365,0.0,0.8221,1.0,0.7885,0.0,0.0,0.0,2,2002
F3,19,379.93,30,-3.99,13,60.0,0.39,0.017027,0.8413,1.0,0.8077,0.1779,1.0,0.7452,2,2002
F3,20,393.92,32,-1.81,15,60.0,0.429231,0.256984,0.8917,1.0,0.9375,0.7917,1.0,0.9375,2,2002
F3,21,406.42,34,1.89,15,60.0,0.428928,0.272634,0.9333,1.0,0.9875,0.8625,1.0,0.9333,2,2002
F3,22,419.42,35,-3.11,14,60.0,0.414477,0.293041,0.8839,1.0,0.9732,0.75,1.0,0.9554,2,2002
F3,23,431.42,37,0.89,14,60.0,0.38749,0.294795,0.8973,1.0,0.9196,0.9554,1.0,0.7991,2,2002
F3,24,445.43,39,2.91,14,60.0,0.375839,0.31889,0.6875,1.0,0.9018,0.8705,1.0,0.8661,2,2002
F3,25,459.93,40,-3.42,14,60.0,0.364778,0.302077,0.6786,1.0,0.8973,0.7411,1.0,0.8438,2,2002
F3,26,473.42,42,-0.7,14,60.0,0.375041,0.311572,0.8259,1.0,0.9152,0.8661,1.0,0.9777,2,2002
F3,27,488.42,44,0.31,14,60.0,0.404293,0.333182,0.9241,1.0,0.942,0.8973,1.0,0.9777,2,2002
F3,28,501.92,46,2.99,14,60.0,0.399139,0.310186,0.9152,1.0,0.9554,0.9598,1.0,0.9286,2,2002
F3,29,515.92,47,-3.0,14,60.0,0.40897,0.316237,0.9107,1.0,0.9643,0.9598,1.0,0.9375,2,2002
F3,30,530.92,49,-1.8,14,60.0,0.401852,0.287481,0.8125,1.0,0.9018,0.9375,1.0,0.8705,2,2002
F3,31,543.92,51,1.59,14,60.0,0.392509,0.3265,0.9554,1.0,0.9554,0.9464,1.0,0.9777,2,2002
F3,32,554.92,52,0.81,14,60.0,0.378098,0.307095,0.9107,1.0,0.9062,0.9688,1.0,0.9554,2,2002
F3,33,563.42,53,0.48,14,60.0,0.372183,0.264344,0.9509,1.0,0.9732,0.9955,1.0,0.9732,2,2002
F3,34,572.93,54,-1.01,13,60.0,0.387278,0.280945,0.9663,1.0,0.9808,0.9904,1.0,1.0,2,2002
F3,35,581.92,55,-1.82,12,60.0,0.409939,0.290386,0.9688,1.0,0.9635,0.9792,1.0,0.9896,2,2002
F3,36,590.42,56,-1.49,12,60.0,0.391633,0.181806,0.9531,1.0,0.9531,0.8646,1.0,0.8854,2,2002
F3,38,605.92,57,0.47,6,60.0,0.478149,0.21211,1.0,1.0,1.0,0.9688,1.0,0.8333,2,2002
F3,39,613.92,58,4.73,5,60.0,0.502766,0.210639,1.0,1.0,0.9125,0.8,1.0,0.9125,2,2002
F3,40,623.93,59,4.72,10,60.0,0.394518,0.033199,1.0,1.0,0.9062,0.775,1.0,0.6312,2,2002
F3,41,634.42,60,4.23,10,60.0,0.387509,0.124282,1.0,1.0,0.95,0.6375,1.0,0.7812,2,2002
F3,42,645.92,61,2.73,10,60.0,0.395374,0.127333,0.9812,1.0,0.9812,0.8,1.0,0.7688,2,2002
F3,43,655.42,62,3.23,10,60.0,0.370029,0.146316,0.975,1.0,1.0,0.875,1.0,1.0,2,2002
F3,44,664.42,63,4.23,9,60.0,0.3959,0.238746,1.0,1.0,0.9722,1.0,1.0,0.9306,2,2002
F3,45,673.92,64,4.73,10,60.0,0.378044,0.201262,0.9812,1.0,0.9812,0.9,1.0,0.9812,2,2002
F3,46,683.92,65,4.73,10,60.0,0.354967,0.167897,0.9313,1.0,0.925,0.8438,1.0,0.8562,2,2002
F3,47,693.92,66,4.73,12,60.0,0.346006,0.184207,1.0,1.0,1.0,0.9167,1.0,0.9844,2,2002
F3,48,704.92,67,5.1,12,60.0,0.349984,0.193894,1.0,1.0,0.974,1.0,1.0,0.9688,2,2002
F3,49,712.92,67,-2.9,12,60.0,0.352816,0.187959,1.0,1.0,0.974,1.0,1.0,0.9688,2,2002
F3,50,718.42,68,2.08,11,60.0,0.332913,0.18413,0.9261,1.0,0.9091,0.9602,1.0,0.7841,2,2002
F3,51,725.92,69,4.58,6,60.0,0.338974,0.185787,0.75,1.0,0.8854,0.9271,1.0,0.8438,2,2002
F3,52,732.92,69,-2.42,6,60.0,0.340219,0.18571,0.75,1.0,0.8854,0.9271,1.0,0.8438,2,2002
F3,53,739.92,70,0.58,8,60.0,0.367721,0.303358,0.9766,1.0,0.9297,0.9844,1.0,0.8906,2,2002
F3,54,747.92,71,2.58,6,60.0,0.372465,0.240084,1.0,1.0,1.0,1.0,1.0,1.0,2,2002
F3,0,81.42,0,-0.18,3,60.0,0.604446,0.011664,1.0,1.0,1.0,0.3333,0.0,0.6667,3,2003
F3,1,89.92,1,5.08,3,60.0,0.669637,0.002187,1.0,1.0,1.0,0.0,0.0,0.3333,3,2003
F3,2,97.92,1,-2.92,3,60.0,0.692748,0.002242,1.0,1.0,1.0,0.0,0.0,0.3333,3,2003
F3,3,105.92,2,-0.23,3,60.0,0.688508,0.00174,1.0,1.0,1.0,0.0,1.0,0.6667,3,2003
F3,4,113.92,3,1.77,3,60.0,0.69796,0.014096,1.0,1.0,1.0,0.3333,1.0,0.3333,3,2003
F3,5,121.92,4,3.77,3,60.0,0.55134,0.021145,0.6458,1.0,0.6667,0.6667,1.0,0.0,3,2003
F3,6,129.92,4,-4.23,3,60.0,0.553361,0.011604,0.6458,1.0,0.6667,0.6667,1.0,0.0,3,2003
F3,7,138.42,5,-2.73,3,60.0,0.640902,0.153284,0.9583,1.0,1.0,1.0,1.0,0.3333,3,2003
F3,8,145.93,6,-2.22,3,60.0,0.556595,0.160577,0.7708,1.0,0.7083,1.0,1.0,0.0,3,2003
F3,10,163.42,7,-0.12,3,60.0,0.512843,0.345469,0.6042,1.0,0.7708,0.6458,1.0,0.4583,3,2003
F3,11,171.42,8,1.71,3,60.0,0.500253,0.468232,0.6875,1.0,0.6042,0.7083,1.0,0.7083,3,2003
F3,12,180.42,9,2.71,3,60.0,0.501933,0.482263,0.8125,1.0,0.6667,0.6042,1.0,0.75,3,2003
F3,13,189.92,10,3.21,3,60.0,0.538551,0.463303,0.8125,1.0,0.7083,0.8333,1.0,0.75,3,2003
F3,14,198.92,11,4.21,3,60.0,0.531418,0.474606,0.7708,1.0,0.7083,0.8333,1.0,0.75,3,2003
F3,15,327.42,24,-0.08,16,60.0,0.373347,5e-06,0.8984,1.0,0.9258,0.0625,0.5625,0.2852,3,2003
F3,16,341.42,26,2.12,16,60.0,0.365886,2e-06,0.9336,1.0,0.9922,0.0625,0.5625,0.2891,3,2003
F3,17,356.92,28,2.98,13,60.0,0.398559,0.0,0.899,1.0,0.9712,0.0,0.0,0.0,3,2003
F3,18,367.92,29,-0.01,13,60.0,0.395668,0.0,0.8798,1.0,0.9423,0.0,0.0,0.0,3,2003
F3,19,379.93,30,-3.99,13,60.0,0.40044,0.017027,0.8413,1.0,0.9519,0.1779,1.0,0.7452,3,2003
F3,20,393.92,32,-1.81,15,60.0,0.415576,0.256984,0.8667,1.0,0.95,0.7917,1.0,0.9375,3,2003
F3,21,406.42,34,1.89,15,60.0,0.413749,0.272634,0.8417,1.0,1.0,0.8625,1.0,0.9333,3,2003
F3,22,419.42,35,-3.11,14,60.0,0.402202,0.293041,0.808,1.0,0.9821,0.75,1.0,0.9554,3,2003
F3,23,431.42,37,0.89,14,60.0,0.387061,0.294795,0.6875,1.0,0.942,0.9554,1.0,0.7991,3,2003
F3,24,445.43,39,2.91,14,60.0,0.388684,0.31889,0.7321,1.0,0.7991,0.8705,1.0,0.8661,3,2003
F3,25,459.93,40,-3.42,14,60.0,0.374128,0.302077,0.6741,1.0,0.7679,0.7411,1.0,0.8438,3,2003
F3,26,473.42,42,-0.7,14,60.0,0.385506,0.311572,0.7009,1.0,0.8438,0.8661,1.0,0.9777,3,2003
F3,27,488.42,44,0.31,14,60.0,0.386862,0.333182,0.8304,1.0,0.9643,0.8973,1.0,0.9777,3,2003
F3,28,501.92,46,2.99,14,60.0,0.386133,0.310186,0.8616,1.0,0.942,0.9598,1.0,0.9286,3,2003
F3,29,515.92,47,-3.0,14,60.0,0.367491,0.316237,0.6875,1.0,0.8214,0.9598,1.0,0.9375,3,2003
F3,30,530.92,49,-1.8,14,60.0,0.380443,0.287481,0.7634,1.0,0.7768,0.9375,1.0,0.8705,3,2003
F3,31,543.92,51,1.59,14,60.0,0.378032,0.3265,0.7857,1.0,0.7277,0.9464,1.0,0.9777,3,2003
F3,32,554.92,52,0.81,14,60.0,0.39042,0.307095,0.8304,1.0,0.6741,0.9688,1.0,0.9554,3,2003
F3,33,563.42,53,0.48,14,60.0,0.374769,0.264344,0.8884,1.0,0.8661,0.9955,1.0,0.9732,3,2003
F3,34,572.93,54,-1.01,13,60.0,0.407123,0.280945,0.8942,1.0,0.8942,0.9904,1.0,1.0,3,2003
F3,35,581.92,55,-1.82,12,60.0,0.42709,0.290386,0.9375,1.0,0.8542,0.9792,1.0,0.9896,3,2003
F3,36,590.42,56,-1.49,12,60.0,0.370042,0.181806,0.7865,1.0,0.9167,0.8646,1.0,0.8854,3,2003
F3,38,605.92,57,0.47,6,60.0,0.529489,0.21211,1.0,1.0,0.8854,0.9688,1.0,0.8333,3,2003
F3,39,613.92,58,4.73,5,60.0,0.500925,0.210639,0.875,1.0,0.825,0.8,1.0,0.9125,3,2003
F3,40,623.93,59,4.72,10,60.0,0.405527,0.033199,0.8938,1.0,0.8625,0.775,1.0,0.6312,3,2003
F3,41,634.42,60,4.23,10,60.0,0.413253,0.124282,1.0,1.0,0.8688,0.6375,1.0,0.7812,3,2003
F3,42,645.92,61,2.73,10,60.0,0.412647,0.127333,1.0,1.0,0.9625,0.8,1.0,0.7688,3,2003
F3,43,655.42,62,3.23,10,60.0,0.398219,0.146316,0.875,1.0,1.0,0.875,1.0,1.0,3,2003
F3,44,664.42,63,4.23,9,60.0,0.43559,0.238746,1.0,1.0,0.9583,1.0,1.0,0.9306,3,2003
F3,45,673.92,64,4.73,10,60.0,0.391611,0.201262,1.0,1.0,0.9437,0.9,1.0,0.9812,3,2003
F3,46,683.92,65,4.73,10,60.0,0.36897,0.167897,1.0,1.0,0.9062,0.8438,1.0,0.8562,3,2003
F3,47,693.92,66,4.73,12,60.0,0.375521,0.184207,1.0,1.0,1.0,0.9167,1.0,0.9844,3,2003
F3,48,704.92,67,5.1,12,60.0,0.352614,0.193894,1.0,1.0,0.9844,1.0,1.0,0.9688,3,2003
F3,49,712.92,67,-2.9,12,60.0,0.352822,0.187959,1.0,1.0,0.9844,1.0,1.0,0.9688,3,2003
F3,50,718.42,68,2.08,11,60.0,0.338668,0.18413,0.9489,1.0,0.8466,0.9602,1.0,0.7841,3,2003
F3,51,725.92,69,4.58,6,60.0,0.365564,0.185787,0.7708,1.0,0.875,0.9271,1.0,0.8438,3,2003
F3,52,732.92,69,-2.42,6,60.0,0.365979,0.18571,0.7708,1.0,0.875,0.9271,1.0,0.8438,3,2003
F3,53,739.92,70,0.58,8,60.0,0.38338,0.303358,0.9922,1.0,0.9141,0.9844,1.0,0.8906,3,2003
F3,54,747.92,71,2.58,6,60.0,0.386889,0.240084,1.0,1.0,1.0,1.0,1.0,1.0,3,2003
F3,0,81.42,0,-0.18,3,60.0,0.586934,0.011664,1.0,1.0,1.0,0.3333,0.0,0.6667,4,2004
F3,1,89.92,1,5.08,3,60.0,0.666552,0.002187,1.0,1.0,1.0,0.0,0.0,0.3333,4,2004
F3,2,97.92,1,-2.92,3,60.0,0.667107,0.002242,1.0,1.0,1.0,0.0,0.0,0.3333,4,2004
F3,3,105.92,2,-0.23,3,60.0,0.667113,0.00174,1.0,1.0,1.0,0.0,1.0,0.6667,4,2004
F3,4,113.92,3,1.77,3,60.0,0.677444,0.014096,1.0,1.0,1.0,0.3333,1.0,0.3333,4,2004
F3,5,121.92,4,3.77,3,60.0,0.539049,0.021145,0.6667,1.0,0.6667,0.6667,1.0,0.0,4,2004
F3,6,129.92,4,-4.23,3,60.0,0.541687,0.011604,0.6667,1.0,0.6667,0.6667,1.0,0.0,4,2004
F3,7,138.42,5,-2.73,3,60.0,0.651281,0.153284,1.0,1.0,1.0,1.0,1.0,0.3333,4,2004
F3,8,145.93,6,-2.22,3,60.0,0.566015,0.160577,0.7292,1.0,0.8125,1.0,1.0,0.0,4,2004
F3,10,163.42,7,-0.12,3,60.0,0.527211,0.345469,0.625,1.0,0.7708,0.6458,1.0,0.4583,4,2004
F3,11,171.42,8,1.71,3,60.0,0.537672,0.468232,0.7083,1.0,0.8125,0.7083,1.0,0.7083,4,2004
F3,12,180.42,9,2.71,3,60.0,0.510403,0.482263,0.7292,1.0,0.8333,0.6042,1.0,0.75,4,2004
F3,13,189.92,10,3.21,3,60.0,0.545498,0.463303,0.8125,1.0,0.7708,0.8333,1.0,0.75,4,2004
F3,14,198.92,11,4.21,3,60.0,0.542574,0.474606,0.8125,1.0,0.7917,0.8333,1.0,0.75,4,2004
F3,15,327.42,24,-0.08,16,60.0,0.315707,5e-06,0.957,1.0,0.7812,0.0625,0.5625,0.2852,4,2004
F3,16,341.42,26,2.12,16,60.0,0.343973,2e-06,0.9141,1.0,0.8477,0.0625,0.5625,0.2891,4,2004
F3,17,356.92,28,2.98,13,60.0,0.389987,0.0,0.9327,1.0,0.976,0.0,0.0,0.0,4,2004
F3,18,367.92,29,-0.01,13,60.0,0.382884,0.0,0.9904,1.0,0.9519,0.0,0.0,0.0,4,2004
F3,19,379.93,30,-3.99,13,60.0,0.406175,0.017027,0.8798,1.0,0.9712,0.1779,1.0,0.7452,4,2004
F3,20,393.92,32,-1.81,15,60.0,0.428104,0.256984,0.9292,1.0,0.925,0.7917,1.0,0.9375,4,2004
F3,21,406.42,34,1.89,15,60.0,0.410689,0.272634,0.9708,1.0,0.9875,0.8625,1.0,0.9333,4,2004
F3,22,419.42,35,-3.11,14,60.0,0.398563,0.293041,0.8616,1.0,0.9643,0.75,1.0,0.9554,4,2004
F3,23,431.42,37,0.89,14,60.0,0.377771,0.294795,0.9866,1.0,0.9375,0.9554,1.0,0.7991,4,2004
F3,24,445.43,39,2.91,14,60.0,0.369805,0.31889,0.8795,1.0,0.9286,0.8705,1.0,0.8661,4,2004
F3,25,459.93,40,-3.42,14,60.0,0.379086,0.302077,0.8973,1.0,0.8973,0.7411,1.0,0.8438,4,2004
F3,26,473.42,42,-0.7,14,60.0,0.396749,0.311572,0.9598,1.0,0.9821,0.8661,1.0,0.9777,4,2004
F3,27,488.42,44,0.31,14,60.0,0.403186,0.333182,0.9464,1.0,0.9598,0.8973,1.0,0.9777,4,2004
F3,28,501.92,46,2.99,14,60.0,0.389606,0.310186,0.9196,1.0,0.8929,0.9598,1.0,0.9286,4,2004
F3,29,515.92,47,-3.0,14,60.0,0.396703,0.316237,0.8527,1.0,0.8929,0.9598,1.0,0.9375,4,2004
F3,30,530.92,49,-1.8,14,60.0,0.401964,0.287481,0.9062,1.0,0.9286,0.9375,1.0,0.8705,4,2004
F3,31,543.92,51,1.59,14,60.0,0.370489,0.3265,0.9509,1.0,1.0,0.9464,1.0,0.9777,4,2004
F3,32,554.92,52,0.81,14,60.0,0.376939,0.307095,0.9375,1.0,0.9152,0.9688,1.0,0.9554,4,2004
F3,33,563.42,53,0.48,14,60.0,0.356159,0.264344,0.942,1.0,0.9732,0.9955,1.0,0.9732,4,2004
F3,34,572.93,54,-1.01,13,60.0,0.3889,0.280945,0.9952,1.0,0.9663,0.9904,1.0,1.0,4,2004
F3,35,581.92,55,-1.82,12,60.0,0.404112,0.290386,0.9375,1.0,0.9375,0.9792,1.0,0.9896,4,2004
F3,36,590.42,56,-1.49,12,60.0,0.393263,0.181806,0.875,1.0,0.9531,0.8646,1.0,0.8854,4,2004
F3,38,605.92,57,0.47,6,60.0,0.483328,0.21211,0.9375,1.0,1.0,0.9688,1.0,0.8333,4,2004
F3,39,613.92,58,4.73,5,60.0,0.505287,0.210639,0.9125,1.0,0.9125,0.8,1.0,0.9125,4,2004
F3,40,623.93,59,4.72,10,60.0,0.395666,0.033199,0.9437,1.0,0.9,0.775,1.0,0.6312,4,2004
F3,41,634.42,60,4.23,10,60.0,0.396665,0.124282,1.0,1.0,0.95,0.6375,1.0,0.7812,4,2004
F3,42,645.92,61,2.73,10,60.0,0.414425,0.127333,0.9812,1.0,0.9812,0.8,1.0,0.7688,4,2004
F3,43,655.42,62,3.23,10,60.0,0.397419,0.146316,0.975,1.0,1.0,0.875,1.0,1.0,4,2004
F3,44,664.42,63,4.23,9,60.0,0.421217,0.238746,1.0,1.0,0.9722,1.0,1.0,0.9306,4,2004
F3,45,673.92,64,4.73,10,60.0,0.389958,0.201262,0.975,1.0,0.9812,0.9,1.0,0.9812,4,2004
F3,46,683.92,65,4.73,10,60.0,0.358299,0.167897,0.9062,1.0,0.9125,0.8438,1.0,0.8562,4,2004
F3,47,693.92,66,4.73,12,60.0,0.361934,0.184207,1.0,1.0,1.0,0.9167,1.0,0.9844,4,2004
F3,48,704.92,67,5.1,12,60.0,0.352694,0.193894,1.0,1.0,0.9896,1.0,1.0,0.9688,4,2004
F3,49,712.92,67,-2.9,12,60.0,0.352949,0.187959,1.0,1.0,0.9896,1.0,1.0,0.9688,4,2004
F3,50,718.42,68,2.08,11,60.0,0.324087,0.18413,0.9545,1.0,0.892,0.9602,1.0,0.7841,4,2004
F3,51,725.92,69,4.58,6,60.0,0.36572,0.185787,0.7604,1.0,0.8958,0.9271,1.0,0.8438,4,2004
F3,52,732.92,69,-2.42,6,60.0,0.370492,0.18571,0.7604,1.0,0.8958,0.9271,1.0,0.8438,4,2004
F3,53,739.92,70,0.58,8,60.0,0.379049,0.303358,0.9844,1.0,0.9297,0.9844,1.0,0.8906,4,2004
F3,54,747.92,71,2.58,6,60.0,0.384093,0.240084,1.0,1.0,1.0,1.0,1.0,1.0,4,2004
F2,0,83.8,1,-1.15,12,60.0,0.366769,0.008334,0.9635,1.0,1.0,0.7917,0.0,0.1667,0,3000
F2,1,97.29,3,1.54,11,60.0,0.350853,0.005607,0.75,1.0,0.7784,0.6818,0.0,0.0909,0,3000
F2,2,116.8,5,-1.95,10,60.0,0.406817,0.205961,0.7688,1.0,0.7312,0.7812,1.0,0.4688,0,3000
F2,3,135.33,8,3.75,16,60.0,0.302161,0.200121,0.6406,1.0,0.7227,0.6641,1.0,0.7539,0,3000
F2,4,156.29,10,-1.01,17,60.0,0.325111,0.182029,0.7132,1.0,0.7904,0.7059,1.0,0.8382,0,3000
F2,5,169.79,11,-4.26,16,60.0,0.325422,0.222959,0.5781,1.0,0.7227,0.6758,1.0,0.8359,0,3000
F2,6,188.79,13,-3.26,11,60.0,0.402872,0.224859,0.5,1.0,0.8977,0.7273,1.0,0.8807,0,3000
F2,7,208.3,15,-4.4,10,60.0,0.381887,0.145339,0.5813,1.0,0.925,0.5813,1.0,0.5,0,3000
F2,8,227.79,17,-2.26,7,60.0,0.504394,0.176663,0.9554,1.0,0.8839,0.5714,1.0,0.7143,0,3000
F2,9,242.29,19,3.25,18,60.0,0.301372,0.05866,0.9653,1.0,0.9097,0.7917,1.0,0.3229,0,3000
F2,10,260.79,21,4.74,17,60.0,0.311273,0.057795,0.8676,1.0,0.9118,0.6618,1.0,0.2868,0,3000
F2,11,283.29,23,0.83,13,60.0,0.297623,0.251071,1.0,1.0,0.8606,0.976,1.0,0.2163,0,3000
F2,12,337.8,30,-0.67,6,60.0,0.514722,0.246585,0.9792,1.0,0.9583,1.0,1.0,0.25,0,3000
F2,13,351.29,32,4.49,6,60.0,0.498094,0.149554,1.0,1.0,1.0,0.9688,1.0,0.1667,0,3000
F2,14,367.79,33,-2.02,3,60.0,0.569935,0.103876,1.0,1.0,1.0,1.0,1.0,0.3333,0,3000
F2,15,380.84,35,4.94,17,60.0,0.35718,0.011777,0.9449,1.0,0.9265,0.7794,1.0,0.3235,0,3000
F2,16,398.3,36,-2.62,17,60.0,0.379256,0.182972,0.886,1.0,0.8824,0.6985,1.0,0.9154,0,3000
F2,17,419.29,39,0.73,18,60.0,0.378757,0.220422,0.875,1.0,0.809,0.8056,1.0,0.8576,0,3000
F2,18,441.29,42,2.9,18,60.0,0.352019,0.242964,0.8056,1.0,0.7604,0.809,1.0,0.7917,0,3000
F2,19,456.82,44,3.58,18,60.0,0.372445,0.198596,0.8333,1.0,0.8021,0.7917,1.0,0.816,0,3000
F2,20,476.29,46,0.49,18,60.0,0.343795,0.187326,0.809,1.0,0.7604,0.7708,1.0,0.8958,0,3000
F2,21,498.8,49,2.2,17,60.0,0.342606,0.171454,0.8235,1.0,0.7684,0.7426,1.0,0.8162,0,3000
F2,22,516.29,51,0.93,17,60.0,0.33355,0.209283,0.8199,1.0,0.7831,0.739,1.0,0.8162,0,3000
F2,23,533.29,53,0.09,17,60.0,0.334983,0.236795,0.8676,1.0,0.7978,0.7794,1.0,0.8199,0,3000
F2,0,83.8,1,-1.15,12,60.0,0.285059,0.008334,0.4167,1.0,0.8333,0.7917,0.0,0.1667,1,3001
F2,1,97.29,3,1.54,11,60.0,0.367386,0.005607,0.8239,1.0,0.8011,0.6818,0.0,0.0909,1,3001
F2,2,116.8,5,-1.95,10,60.0,0.406906,0.205961,0.7688,1.0,0.8562,0.7812,1.0,0.4688,1,3001
F2,3,135.33,8,3.75,16,60.0,0.287952,0.200121,0.7031,1.0,0.6133,0.6641,1.0,0.7539,1,3001
F2,4,156.29,10,-1.01,17,60.0,0.305187,0.182029,0.7353,1.0,0.7096,0.7059,1.0,0.8382,1,3001
F2,5,169.79,11,-4.26,16,60.0,0.302106,0.222959,0.5859,1.0,0.7422,0.6758,1.0,0.8359,1,3001
F2,6,188.79,13,-3.26,11,60.0,0.392271,0.224859,0.5341,1.0,0.8864,0.7273,1.0,0.8807,1,3001
F2,7,208.3,15,-4.4,10,60.0,0.384165,0.145339,0.4813,1.0,0.9375,0.5813,1.0,0.5,1,3001
F2,8,227.79,17,-2.26,7,60.0,0.479156,0.176663,0.8571,1.0,0.9732,0.5714,1.0,0.7143,1,3001
F2,9,242.29,19,3.25,18,60.0,0.385022,0.05866,0.9236,1.0,0.9444,0.7917,1.0,0.3229,1,3001
F2,10,260.79,21,4.74,17,60.0,0.391094,0.057795,0.8897,1.0,0.9118,0.6618,1.0,0.2868,1,3001
F2,11,283.29,23,0.83,13,60.0,0.429346,0.251071,0.9856,1.0,0.9375,0.976,1.0,0.2163,1,3001
F2,12,337.8,30,-0.67,6,60.0,0.63764,0.246585,0.9896,1.0,1.0,1.0,1.0,0.25,1,3001
F2,13,351.29,32,4.49,6,60.0,0.6132,0.149554,1.0,1.0,1.0,0.9688,1.0,0.1667,1,3001
F2,14,367.79,33,-2.02,3,60.0,0.676428,0.103876,1.0,1.0,1.0,1.0,1.0,0.3333,1,3001
F2,15,380.84,35,4.94,17,60.0,0.399787,0.011777,0.9191,1.0,0.9265,0.7794,1.0,0.3235,1,3001
F2,16,398.3,36,-2.62,17,60.0,0.41132,0.182972,0.8566,1.0,0.9412,0.6985,1.0,0.9154,1,3001
F2,17,419.29,39,0.73,18,60.0,0.388233,0.220422,0.7951,1.0,0.9167,0.8056,1.0,0.8576,1,3001
F2,18,441.29,42,2.9,18,60.0,0.365439,0.242964,0.7847,1.0,0.8924,0.809,1.0,0.7917,1,3001
F2,19,456.82,44,3.58,18,60.0,0.374986,0.198596,0.7674,1.0,0.8576,0.7917,1.0,0.816,1,3001
F2,20,476.29,46,0.49,18,60.0,0.366349,0.187326,0.7917,1.0,0.8958,0.7708,1.0,0.8958,1,3001
F2,21,498.8,49,2.2,17,60.0,0.363038,0.171454,0.7941,1.0,0.8456,0.7426,1.0,0.8162,1,3001
F2,22,516.29,51,0.93,17,60.0,0.355671,0.209283,0.7978,1.0,0.8603,0.739,1.0,0.8162,1,3001
F2,23,533.29,53,0.09,17,60.0,0.36238,0.236795,0.7757,1.0,0.8125,0.7794,1.0,0.8199,1,3001
F2,0,83.8,1,-1.15,12,60.0,0.402512,0.008334,1.0,1.0,0.9792,0.7917,0.0,0.1667,2,3002
F2,1,97.29,3,1.54,11,60.0,0.406956,0.005607,0.7784,1.0,0.7784,0.6818,0.0,0.0909,2,3002
F2,2,116.8,5,-1.95,10,60.0,0.418241,0.205961,0.875,1.0,0.7438,0.7812,1.0,0.4688,2,3002
F2,3,135.33,8,3.75,16,60.0,0.337762,0.200121,0.8477,1.0,0.707,0.6641,1.0,0.7539,2,3002
F2,4,156.29,10,-1.01,17,60.0,0.339797,0.182029,0.875,1.0,0.7463,0.7059,1.0,0.8382,2,3002
F2,5,169.79,11,-4.26,16,60.0,0.343325,0.222959,0.7422,1.0,0.7266,0.6758,1.0,0.8359,2,3002
F2,6,188.79,13,-3.26,11,60.0,0.394659,0.224859,0.858,1.0,0.8864,0.7273,1.0,0.8807,2,3002
F2,7,208.3,15,-4.4,10,60.0,0.39406,0.145339,0.95,1.0,0.95,0.5813,1.0,0.5,2,3002
F2,8,227.79,17,-2.26,7,60.0,0.477374,0.176663,0.9821,1.0,0.8839,0.5714,1.0,0.7143,2,3002
F2,9,242.29,19,3.25,18,60.0,0.339498,0.05866,0.9271,1.0,0.934,0.7917,1.0,0.3229,2,3002
F2,10,260.79,21,4.74,17,60.0,0.289734,0.057795,0.8456,1.0,0.7868,0.6618,1.0,0.2868,2,3002
F2,11,283.29,23,0.83,13,60.0,0.365657,0.251071,0.9904,1.0,0.8798,0.976,1.0,0.2163,2,3002
F2,12,337.8,30,-0.67,6,60.0,0.545009,0.246585,1.0,1.0,0.9583,1.0,1.0,0.25,2,3002
F2,13,351.29,32,4.49,6,60.0,0.528787,0.149554,1.0,1.0,1.0,0.9688,1.0,0.1667,2,3002
F2,14,367.79,33,-2.02,3,60.0,0.600968,0.103876,1.0,1.0,1.0,1.0,1.0,0.3333,2,3002
F2,15,380.84,35,4.94,17,60.0,0.371316,0.011777,0.9375,1.0,0.8824,0.7794,1.0,0.3235,2,3002
F2,16,398.3,36,-2.62,17,60.0,0.388313,0.182972,0.8787,1.0,0.9265,0.6985,1.0,0.9154,2,3002
F2,17,419.29,39,0.73,18,60.0,0.374575,0.220422,0.816,1.0,0.8681,0.8056,1.0,0.8576,2,3002
F2,18,441.29,42,2.9,18,60.0,0.353594,0.242964,0.7569,1.0,0.8646,0.809,1.0,0.7917,2,3002
F2,19,456.82,44,3.58,18,60.0,0.356737,0.198596,0.8229,1.0,0.8021,0.7917,1.0,0.816,2,3002
F2,20,476.29,46,0.49,18,60.0,0.356299,0.187326,0.816,1.0,0.8576,0.7708,1.0,0.8958,2,3002
F2,21,498.8,49,2.2,17,60.0,0.346373,0.171454,0.7978,1.0,0.7831,0.7426,1.0,0.8162,2,3002
F2,22,516.29,51,0.93,17,60.0,0.349852,0.209283,0.8088,1.0,0.8382,0.739,1.0,0.8162,2,3002
F2,23,533.29,53,0.09,17,60.0,0.356467,0.236795,0.7941,1.0,0.7941,0.7794,1.0,0.8199,2,3002
F2,0,83.8,1,-1.15,12,60.0,0.323784,0.008334,0.8125,1.0,0.9948,0.7917,0.0,0.1667,3,3003
F2,1,97.29,3,1.54,11,60.0,0.312956,0.005607,0.5682,1.0,0.7443,0.6818,0.0,0.0909,3,3003
F2,2,116.8,5,-1.95,10,60.0,0.348071,0.205961,0.675,1.0,0.9313,0.7812,1.0,0.4688,3,3003
F2,3,135.33,8,3.75,16,60.0,0.294492,0.200121,0.7422,1.0,0.6211,0.6641,1.0,0.7539,3,3003
F2,4,156.29,10,-1.01,17,60.0,0.304673,0.182029,0.7904,1.0,0.6875,0.7059,1.0,0.8382,3,3003
F2,5,169.79,11,-4.26,16,60.0,0.303128,0.222959,0.6211,1.0,0.6406,0.6758,1.0,0.8359,3,3003
F2,6,188.79,13,-3.26,11,60.0,0.394657,0.224859,0.9773,1.0,0.892,0.7273,1.0,0.8807,3,3003
F2,7,208.3,15,-4.4,10,60.0,0.375163,0.145339,0.8812,1.0,0.9625,0.5813,1.0,0.5,3,3003
F2,8,227.79,17,-2.26,7,60.0,0.483461,0.176663,1.0,1.0,0.8125,0.5714,1.0,0.7143,3,3003
F2,9,242.29,19,3.25,18,60.0,0.393588,0.05866,0.9583,1.0,0.9271,0.7917,1.0,0.3229,3,3003
F2,10,260.79,21,4.74,17,60.0,0.39428,0.057795,0.9228,1.0,0.9265,0.6618,1.0,0.2868,3,3003
F2,11,283.29,23,0.83,13,60.0,0.424809,0.251071,1.0,1.0,0.9183,0.976,1.0,0.2163,3,3003
F2,12,337.8,30,-0.67,6,60.0,0.641009,0.246585,1.0,1.0,0.9583,1.0,1.0,0.25,3,3003
F2,13,351.29,32,4.49,6,60.0,0.626012,0.149554,1.0,1.0,1.0,0.9688,1.0,0.1667,3,3003
F2,14,367.79,33,-2.02,3,60.0,0.707998,0.103876,1.0,1.0,1.0,1.0,1.0,0.3333,3,3003
F2,15,380.84,35,4.94,17,60.0,0.352655,0.011777,0.7794,1.0,0.3015,0.7794,1.0,0.3235,3,3003
F2,16,398.3,36,-2.62,17,60.0,0.355456,0.182972,0.7096,1.0,0.3272,0.6985,1.0,0.9154,3,3003
F2,17,419.29,39,0.73,18,60.0,0.340893,0.220422,0.75,1.0,0.3681,0.8056,1.0,0.8576,3,3003
F2,18,441.29,42,2.9,18,60.0,0.334222,0.242964,0.7257,1.0,0.5069,0.809,1.0,0.7917,3,3003
F2,19,456.82,44,3.58,18,60.0,0.335258,0.198596,0.6562,1.0,0.2743,0.7917,1.0,0.816,3,3003
F2,20,476.29,46,0.49,18,60.0,0.327147,0.187326,0.6285,1.0,0.4236,0.7708,1.0,0.8958,3,3003
F2,21,498.8,49,2.2,17,60.0,0.322854,0.171454,0.6507,1.0,0.2904,0.7426,1.0,0.8162,3,3003
F2,22,516.29,51,0.93,17,60.0,0.330126,0.209283,0.6287,1.0,0.4816,0.739,1.0,0.8162,3,3003
F2,23,533.29,53,0.09,17,60.0,0.330531,0.236795,0.5919,1.0,0.4559,0.7794,1.0,0.8199,3,3003
F2,0,83.8,1,-1.15,12,60.0,0.332401,0.008334,0.9167,1.0,0.5833,0.7917,0.0,0.1667,4,3004
F2,1,97.29,3,1.54,11,60.0,0.342633,0.005607,0.7784,1.0,0.3977,0.6818,0.0,0.0909,4,3004
F2,2,116.8,5,-1.95,10,60.0,0.375935,0.205961,0.75,1.0,0.5938,0.7812,1.0,0.4688,4,3004
F2,3,135.33,8,3.75,16,60.0,0.313696,0.200121,0.7148,1.0,0.7148,0.6641,1.0,0.7539,4,3004
F2,4,156.29,10,-1.01,17,60.0,0.311218,0.182029,0.75,1.0,0.7904,0.7059,1.0,0.8382,4,3004
F2,5,169.79,11,-4.26,16,60.0,0.325999,0.222959,0.5586,1.0,0.8633,0.6758,1.0,0.8359,4,3004
F2,6,188.79,13,-3.26,11,60.0,0.347469,0.224859,0.5455,1.0,0.8977,0.7273,1.0,0.8807,4,3004
F2,7,208.3,15,-4.4,10,60.0,0.354108,0.145339,0.5,1.0,0.9812,0.5813,1.0,0.5,4,3004
F2,8,227.79,17,-2.26,7,60.0,0.474621,0.176663,0.9464,1.0,0.9821,0.5714,1.0,0.7143,4,3004
F2,9,242.29,19,3.25,18,60.0,0.402976,0.05866,0.9236,1.0,0.875,0.7917,1.0,0.3229,4,3004
F2,10,260.79,21,4.74,17,60.0,0.355456,0.057795,0.8309,1.0,0.9044,0.6618,1.0,0.2868,4,3004
F2,11,283.29,23,0.83,13,60.0,0.431264,0.251071,0.9663,1.0,0.8942,0.976,1.0,0.2163,4,3004
F2,12,337.8,30,-0.67,6,60.0,0.649671,0.246585,0.9583,1.0,1.0,1.0,1.0,0.25,4,3004
F2,13,351.29,32,4.49,6,60.0,0.629368,0.149554,1.0,1.0,1.0,0.9688,1.0,0.1667,4,3004
F2,14,367.79,33,-2.02,3,60.0,0.712443,0.103876,1.0,1.0,1.0,1.0,1.0,0.3333,4,3004
F2,15,380.84,35,4.94,17,60.0,0.40219,0.011777,0.9265,1.0,0.9265,0.7794,1.0,0.3235,4,3004
F2,16,398.3,36,-2.62,17,60.0,0.416164,0.182972,0.9007,1.0,0.9596,0.6985,1.0,0.9154,4,3004
F2,17,419.29,39,0.73,18,60.0,0.401708,0.220422,0.7812,1.0,0.8472,0.8056,1.0,0.8576,4,3004
F2,18,441.29,42,2.9,18,60.0,0.380889,0.242964,0.8021,1.0,0.8056,0.809,1.0,0.7917,4,3004
F2,19,456.82,44,3.58,18,60.0,0.386099,0.198596,0.8021,1.0,0.8056,0.7917,1.0,0.816,4,3004
F2,20,476.29,46,0.49,18,60.0,0.37061,0.187326,0.809,1.0,0.7431,0.7708,1.0,0.8958,4,3004
F2,21,498.8,49,2.2,17,60.0,0.362141,0.171454,0.7574,1.0,0.7059,0.7426,1.0,0.8162,4,3004
F2,22,516.29,51,0.93,17,60.0,0.357125,0.209283,0.7684,1.0,0.6985,0.739,1.0,0.8162,4,3004
F2,23,533.29,53,0.09,17,60.0,0.360896,0.236795,0.6801,1.0,0.7022,0.7794,1.0,0.8199,4,3004
