mission_id,mission_slug,frame,file,t_gcs,t_srt,video,scout_lat,scout_lon,scout_altitude_agl_m,gimbal_pitch_deg,gimbal_yaw_deg,focal_mm,n_gt_labels,n_predictions,proc_w,proc_h,image_w,image_h,cam_fx,cam_cx,cam_cy
F1,210226,0,frames/f000.jpg,1771685010.804486,1771685009.004486,DJI_20260221154218_0010_D.MP4,-0.0035702456093759916,36.88227642930573,59.7,-53.900000000000006,-56.900000000000006,24,0,1,1280,720,3840,2160,941.12391943,639.5,359.5
F1,210226,1,frames/f001.jpg,1771685018.9653153,1771685017.1653154,DJI_20260221154218_0010_D.MP4,-0.0033209138168719984,36.88193771459003,59.6,-90.0,-56.900000000000006,24,4,1,1280,720,3840,2160,941.12391943,639.5,359.5
F1,210226,2,frames/f002.jpg,1771685027.1573188,1771685025.3573189,DJI_20260221154218_0010_D.MP4,-0.0033201373573921457,36.881938775691914,59.6,-90.0,-56.900000000000006,24,4,4,1280,720,3840,2160,941.12391943,639.5,359.5
F1,210226,3,frames/f003.jpg,1771685035.1850312,1771685033.3850312,DJI_20260221154218_0010_D.MP4,-0.0033195609428321414,36.88193783593325,59.6,-90.0,-56.900000000000006,24,4,4,1280,720,3840,2160,941.12391943,639.5,359.5
F1,210226,4,frames/f004.jpg,1771685043.3673005,1771685041.5673006,DJI_20260221154218_0010_D.MP4,-0.00331948306379549,36.881937609837244,59.6,-90.0,-56.900000000000006,24,4,4,1280,720,3840,2160,941.12391943,639.5,359.5
F1,210226,5,frames/f005.jpg,1771685051.409979,1771685049.6099792,DJI_20260221154218_0010_D.MP4,-0.00331954969973178,36.88193728461,59.6,-90.0,-56.900000000000006,24,4,4,1280,720,3840,2160,941.12391943,639.5,359.5
F1,210226,6,frames/f006.jpg,1771685059.5810924,1771685057.7810924,DJI_20260221154218_0010_D.MP4,-0.003319605229678688,36.88193652227295,59.6,-90.0,-56.900000000000006,24,4,4,1280,720,3840,2160,941.12391943,639.5,359.5
F1,210226,7,frames/f007.jpg,1771685067.5859692,1771685065.7859693,DJI_20260221154218_0010_D.MP4,-0.0033195572408356807,36.88193866627734,59.6,-90.0,-56.900000000000006,24,4,4,1280,720,3840,2160,941.12391943,639.5,359.5
F1,210226,8,frames/f008.jpg,1771685075.7871575,1771685073.9871576,DJI_20260221154218_0010_D.MP4,-0.003319717523571324,36.881940215082984,59.6,-90.0,-56.900000000000006,24,4,4,1280,720,3840,2160,941.12391943,639.5,359.5
F1,210226,9,frames/f009.jpg,1771685083.960977,1771685082.1609771,DJI_20260221154218_0010_D.MP4,-0.0033183665690851875,36.88194202439948,59.6,-90.0,-56.900000000000006,24,4,4,1280,720,3840,2160,941.12391943,639.5,359.5
F1,210226,10,frames/f010.jpg,1771685091.9794686,1771685090.1794686,DJI_20260221154218_0010_D.MP4,-0.003318734712066541,36.88194353536249,59.6,-90.0,-56.900000000000006,24,4,4,1280,720,3840,2160,941.12391943,639.5,359.5
F1,210226,11,frames/f011.jpg,1771685100.1867669,1771685098.386767,DJI_20260221154218_0010_D.MP4,-0.00331776616010368,36.88194246370306,59.6,-90.0,-56.900000000000006,24,4,3,1280,720,3840,2160,941.12391943,639.5,359.5
F1,210226,12,frames/f012.jpg,1771685108.3610504,1771685106.5610504,DJI_20260221154218_0010_D.MP4,-0.003316937872673379,36.881941432217154,59.6,-90.0,-56.900000000000006,24,4,4,1280,720,3840,2160,941.12391943,639.5,359.5
F1,210226,13,frames/f013.jpg,1771685116.5678215,1771685114.7678216,DJI_20260221154218_0010_D.MP4,-0.0033182841653861955,36.881942703373056,59.6,-90.0,-56.900000000000006,24,4,4,1280,720,3840,2160,941.12391943,639.5,359.5
F1,210226,14,frames/f014.jpg,1771685124.7633305,1771685122.9633305,DJI_20260221154218_0010_D.MP4,-0.0033163591272267153,36.881941902096486,59.6,-90.0,-56.900000000000006,24,4,4,1280,720,3840,2160,941.12391943,639.5,359.5
F1,210226,15,frames/f015.jpg,1771685132.9637332,1771685131.1637332,DJI_20260221154218_0010_D.MP4,-0.003316881657171571,36.88194158139391,59.6,-90.0,-56.900000000000006,24,4,4,1280,720,3840,2160,941.12391943,639.5,359.5
F1,210226,16,frames/f016.jpg,1771685140.978291,1771685139.178291,DJI_20260221154218_0010_D.MP4,-0.0033160739363882735,36.88194138806742,59.6,-90.0,-56.900000000000006,24,4,4,1280,720,3840,2160,941.12391943,639.5,359.5
F1,210226,17,frames/f017.jpg,1771685149.1561666,1771685147.3561666,DJI_20260221154218_0010_D.MP4,-0.0033157059305178997,36.881940857859256,59.6,-90.0,-56.900000000000006,24,4,4,1280,720,3840,2160,941.12391943,639.5,359.5
F1,210226,18,frames/f018.jpg,1771685157.1594522,1771685155.3594522,DJI_20260221154218_0010_D.MP4,-0.0033180819266906657,36.88194109917458,59.6,-90.0,-56.900000000000006,24,4,4,1280,720,3840,2160,941.12391943,639.5,359.5
F1,210226,19,frames/f019.jpg,1771685165.363899,1771685163.563899,DJI_20260221154218_0010_D.MP4,-0.0033182419352043493,36.8819400017383,59.6,-90.0,-56.900000000000006,24,4,4,1280,720,3840,2160,941.12391943,639.5,359.5
F1,210226,20,frames/f020.jpg,1771685173.5567636,1771685171.7567637,DJI_20260221154218_0010_D.MP4,-0.0033162414860058577,36.88193859813319,59.6,-90.0,-56.900000000000006,24,4,4,1280,720,3840,2160,941.12391943,639.5,359.5
F1,210226,21,frames/f021.jpg,1771685181.756591,1771685179.9565911,DJI_20260221154218_0010_D.MP4,-0.0033147941425007666,36.881936041287624,59.6,-90.0,-56.900000000000006,24,4,4,1280,720,3840,2160,941.12391943,639.5,359.5
F1,210226,22,frames/f022.jpg,1771685189.7603614,1771685187.9603615,DJI_20260221154218_0010_D.MP4,-0.0033146888412681117,36.881933768536015,59.6,-90.0,-56.900000000000006,24,4,4,1280,720,3840,2160,941.12391943,639.5,359.5
F1,210226,23,frames/f023.jpg,1771685197.7647562,1771685195.9647563,DJI_20260221154218_0010_D.MP4,-0.003316681612251722,36.88193408937571,59.6,-90.0,-56.900000000000006,24,4,4,1280,720,3840,2160,941.12391943,639.5,359.5
F1,210226,24,frames/f024.jpg,1771685205.769996,1771685203.969996,DJI_20260221154218_0010_D.MP4,-0.0033178396515889707,36.88193465386162,59.6,-90.0,-56.900000000000006,24,4,4,1280,720,3840,2160,941.12391943,639.5,359.5
F1,210226,25,frames/f025.jpg,1771685213.964422,1771685212.164422,DJI_20260221154218_0010_D.MP4,-0.003317230330393762,36.88193442365228,59.6,-90.0,-56.900000000000006,24,4,4,1280,720,3840,2160,941.12391943,639.5,359.5
F1,210226,26,frames/f026.jpg,1771685221.9722276,1771685220.1722276,DJI_20260221154218_0010_D.MP4,-0.0033176571568745636,36.88193558717606,59.6,-90.0,-56.900000000000006,24,4,4,1280,720,3840,2160,941.12391943,639.5,359.5
F1,210226,27,frames/f027.jpg,1771685230.1671174,1771685228.3671174,DJI_20260221154218_0010_D.MP4,-0.0033167175353284875,36.881934292574186,59.6,-90.0,-56.900000000000006,24,4,3,1280,720,3840,2160,941.12391943,639.5,359.5
F1,210226,28,frames/f028.jpg,1771685238.3634143,1771685236.5634143,DJI_20260221154218_0010_D.MP4,-0.003315817127522696,36.881934811813466,59.6,-90.0,-56.900000000000006,24,4,4,1280,720,3840,2160,941.12391943,639.5,359.5
F1,210226,29,frames/f029.jpg,1771685246.3804805,1771685244.5804806,DJI_20260221154218_0010_D.MP4,-0.003315551406443417,36.88193401848933,59.6,-90.0,-56.900000000000006,24,4,4,1280,720,3840,2160,941.12391943,639.5,359.5
F1,210226,30,frames/f030.jpg,1771685254.58749,1771685252.7874901,DJI_20260221154218_0010_D.MP4,-0.00331632334126093,36.88193374632404,59.6,-90.0,-56.900000000000006,24,4,4,1280,720,3840,2160,941.12391943,639.5,359.5
F1,210226,31,frames/f031.jpg,1771685262.771019,1771685260.971019,DJI_20260221154218_0010_D.MP4,-0.0033182409754274893,36.88193365007213,59.6,-90.0,-56.900000000000006,24,4,4,1280,720,3840,2160,941.12391943,639.5,359.5
F1,210226,32,frames/f032.jpg,1771685270.962409,1771685269.162409,DJI_20260221154218_0010_D.MP4,-0.0033185586615681953,36.88193282082492,59.6,-90.0,-56.900000000000006,24,4,4,1280,720,3840,2160,941.12391943,639.5,359.5
F1,210226,33,frames/f033.jpg,1771685278.9680037,1771685277.1680038,DJI_20260221154218_0010_D.MP4,-0.0033169194998020563,36.88193171255686,59.6,-90.0,-56.900000000000006,24,4,4,1280,720,3840,2160,941.12391943,639.5,359.5
F1,210226,34,frames/f034.jpg,1771685287.1578836,1771685285.3578837,DJI_20260221154218_0010_D.MP4,-0.0033170058797194696,36.881930760321104,59.6,-90.0,-56.900000000000006,24,4,5,1280,720,3840,2160,941.12391943,639.5,359.5
F1,210226,35,frames/f035.jpg,1771685295.359399,1771685293.5593991,DJI_20260221154218_0010_D.MP4,-0.003317802083180445,36.88193267466461,59.6,-90.0,-56.900000000000006,24,4,5,1280,720,3840,2160,941.12391943,639.5,359.5
F1,210226,36,frames/f036.jpg,1771685303.3730617,1771685301.5730617,DJI_20260221154218_0010_D.MP4,-0.0033190637784185893,36.881935091519864,59.6,-90.0,-56.900000000000006,24,4,5,1280,720,3840,2160,941.12391943,639.5,359.5
F1,210226,37,frames/f037.jpg,1771685311.5662897,1771685309.7662897,DJI_20260221154218_0010_D.MP4,-0.003318035857401379,36.88193727789156,59.6,-90.0,-56.900000000000006,24,4,5,1280,720,3840,2160,941.12391943,639.5,359.5
F1,210226,38,frames/f038.jpg,1771685319.7598226,1771685317.9598227,DJI_20260221154218_0010_D.MP4,-0.003317417623992469,36.88193976796408,59.6,-90.0,-56.900000000000006,24,4,4,1280,720,3840,2160,941.12391943,639.5,359.5
F1,210226,39,frames/f039.jpg,1771685327.7603366,1771685325.9603367,DJI_20260221154218_0010_D.MP4,-0.003317348382947559,36.881941321157264,59.6,-90.0,-56.900000000000006,24,4,4,1280,720,3840,2160,941.12391943,639.5,359.5
F1,210226,40,frames/f040.jpg,1771685335.9668584,1771685334.1668584,DJI_20260221154218_0010_D.MP4,-0.0033168372332140444,36.8819416936878,59.6,-90.0,-56.900000000000006,24,4,4,1280,720,3840,2160,941.12391943,639.5,359.5
F1,210226,41,frames/f041.jpg,1771685344.1625721,1771685342.3625722,DJI_20260221154218_0010_D.MP4,-0.003315646013019631,36.88194082961439,59.6,-90.0,-56.900000000000006,24,4,4,1280,720,3840,2160,941.12391943,639.5,359.5
F1,210226,42,frames/f042.jpg,1771685352.3561747,1771685350.5561748,DJI_20260221154218_0010_D.MP4,-0.003316079146605514,36.8819412279218,59.6,-90.0,-56.900000000000006,24,4,4,1280,720,3840,2160,941.12391943,639.5,359.5
F1,210226,43,frames/f043.jpg,1771685360.3686588,1771685358.5686588,DJI_20260221154914_0011_D.MP4,-0.0033150059789648976,36.88194179542414,59.6,-90.0,-56.900000000000006,24,4,4,1280,720,3840,2160,941.12391943,639.5,359.5
F1,210226,44,frames/f044.jpg,1771685368.6016488,1771685366.8016489,DJI_20260221154914_0011_D.MP4,-0.0033146174064475208,36.88194388568104,59.6,-90.0,-56.900000000000006,24,4,4,1280,720,3840,2160,941.12391943,639.5,359.5
F1,210226,45,frames/f045.jpg,1771685376.7619274,1771685374.9619274,DJI_20260221154914_0011_D.MP4,-0.0033159615053846574,36.88194462676589,59.6,-90.0,-56.900000000000006,24,4,5,1280,720,3840,2160,941.12391943,639.5,359.5
F1,210226,46,frames/f046.jpg,1771685384.7730832,1771685382.9730833,DJI_20260221154914_0011_D.MP4,-0.0033176430344436223,36.88194464239655,59.6,-90.0,-56.900000000000006,24,4,4,1280,720,3840,2160,941.12391943,639.5,359.5
F1,210226,47,frames/f047.jpg,1771685392.7862093,1771685390.9862094,DJI_20260221154914_0011_D.MP4,-0.0033174322948673314,36.88194166667693,59.7,-90.0,-47.0,24,4,4,1280,720,3840,2160,941.12391943,639.5,359.5
F2,230226_m1,0,frames/f000.jpg,1771833389.6835184,1771833388.7835183,DJI_20260223085548_0002_D.MP4,-0.005957596442104122,36.87536631805938,74.8,-90.0,28.5,24,12,6,1280,720,3840,2160,941.12391943,639.5,359.5
F2,230226_m1,1,frames/f001.jpg,1771833397.8471313,1771833396.9471312,DJI_20260223085548_0002_D.MP4,-0.005956933510537758,36.875365557504786,74.8,-90.0,28.5,24,12,8,1280,720,3840,2160,941.12391943,639.5,359.5
F2,230226_m1,2,frames/f002.jpg,1771833405.9039118,1771833405.0039117,DJI_20260223085548_0002_D.MP4,-0.005956217105690963,36.87536552425538,74.8,-90.0,28.5,24,12,10,1280,720,3840,2160,941.12391943,639.5,359.5
F2,230226_m1,3,frames/f003.jpg,1771833414.0359197,1771833413.1359196,DJI_20260223085548_0002_D.MP4,-0.005961118411730845,36.87535439817952,74.9,-90.0,4.4,24,11,7,1280,720,3840,2160,941.12391943,639.5,359.5
F2,230226_m1,4,frames/f004.jpg,1771833422.0386112,1771833421.138611,DJI_20260223085548_0002_D.MP4,-0.005920535482547404,36.87520796550757,75.1,-90.0,-11.4,24,10,8,1280,720,3840,2160,941.12391943,639.5,359.5
F2,230226_m1,5,frames/f005.jpg,1771833430.047845,1771833429.1478448,DJI_20260223085548_0002_D.MP4,-0.0059206669719728735,36.87520642074675,75.1,-90.0,-11.4,24,10,4,1280,720,3840,2160,941.12391943,639.5,359.5
F2,230226_m1,6,frames/f006.jpg,1771833438.1093364,1771833437.2093363,DJI_20260223085548_0002_D.MP4,-0.005920729220355734,36.8752044515589,75.1,-90.0,-11.4,24,10,10,1280,720,3840,2160,941.12391943,639.5,359.5
F2,230226_m1,7,frames/f007.jpg,1771833446.241581,1771833445.3415809,DJI_20260223085548_0002_D.MP4,-0.005921315506886814,36.87520618231076,75.1,-90.0,-11.4,24,11,10,1280,720,3840,2160,941.12391943,639.5,359.5
F2,230226_m1,8,frames/f008.jpg,1771833454.2814193,1771833453.3814192,DJI_20260223085548_0002_D.MP4,-0.005855297531978131,36.87516221781325,75.2,-90.0,-12.4,24,16,10,1280,720,3840,2160,941.12391943,639.5,359.5
F2,230226_m1,9,frames/f009.jpg,1771833462.3137233,1771833461.4137232,DJI_20260223085548_0002_D.MP4,-0.005857338428847899,36.87516382619356,75.4,-90.0,-11.9,24,17,15,1280,720,3840,2160,941.12391943,639.5,359.5
F2,230226_m1,10,frames/f010.jpg,1771833470.4837174,1771833469.5837173,DJI_20260223085548_0002_D.MP4,-0.0058595893797320775,36.87504196469982,75.1,-90.0,-11.0,24,17,6,1280,720,3840,2160,941.12391943,639.5,359.5
F2,230226_m1,11,frames/f011.jpg,1771833480.7326565,1771833479.8326564,DJI_20260223085548_0002_D.MP4,-0.005783053621895613,36.87517729165689,75.1,-90.0,-10.700000000000001,24,16,15,1280,720,3840,2160,941.12391943,639.5,359.5
F2,230226_m1,12,frames/f012.jpg,1771833490.7324522,1771833489.832452,DJI_20260223085548_0002_D.MP4,-0.005866256675135924,36.875102239507775,75.0,-90.0,-13.200000000000001,24,15,15,1280,720,3840,2160,941.12391943,639.5,359.5
F2,230226_m1,13,frames/f013.jpg,1771833500.7333553,1771833499.8333552,DJI_20260223085548_0002_D.MP4,-0.005866105167508038,36.87506921900274,75.1,-90.0,-11.100000000000001,24,12,12,1280,720,3840,2160,941.12391943,639.5,359.5
F2,230226_m1,14,frames/f014.jpg,1771833510.732992,1771833509.8329918,DJI_20260223085548_0002_D.MP4,-0.005849584803185456,36.87498177846556,75.1,-90.0,-11.0,24,12,12,1280,720,3840,2160,941.12391943,639.5,359.5
F2,230226_m1,15,frames/f015.jpg,1771833519.0986648,1771833518.1986647,DJI_20260223085548_0002_D.MP4,-0.005848963827577584,36.87498027833437,75.2,-90.0,-11.0,24,11,9,1280,720,3840,2160,941.12391943,639.5,359.5
F2,230226_m1,16,frames/f016.jpg,1771833530.737125,1771833529.8371248,DJI_20260223085548_0002_D.MP4,-0.0058501731463811695,36.8749814579001,75.1,-90.0,-11.0,24,7,9,1280,720,3840,2160,941.12391943,639.5,359.5
F2,230226_m1,17,frames/f017.jpg,1771833540.736753,1771833539.836753,DJI_20260223085548_0002_D.MP4,-0.005850582833975854,36.874982326155354,76.0,-90.0,-11.0,24,7,7,1280,720,3840,2160,941.12391943,639.5,359.5
F2,230226_m1,18,frames/f018.jpg,1771833550.7344823,1771833549.8344822,DJI_20260223085548_0002_D.MP4,-0.005382338980778916,36.875136471936734,75.7,-90.0,-11.0,24,18,7,1280,720,3840,2160,941.12391943,639.5,359.5
F2,230226_m1,19,frames/f019.jpg,1771833560.739114,1771833559.839114,DJI_20260223085548_0002_D.MP4,-0.0054476382199542235,36.875133107507594,75.8,-90.0,-11.0,24,18,15,1280,720,3840,2160,941.12391943,639.5,359.5
F2,230226_m1,20,frames/f020.jpg,1771833570.7354336,1771833569.8354335,DJI_20260223085548_0002_D.MP4,-0.0054468292651989915,36.87513091181241,75.8,-90.0,-11.0,24,17,15,1280,720,3840,2160,941.12391943,639.5,359.5
F2,230226_m1,21,frames/f021.jpg,1771833580.7327585,1771833579.8327584,DJI_20260223085548_0002_D.MP4,-0.005442072474127247,36.875144439592695,75.6,-90.0,-10.4,24,17,15,1280,720,3840,2160,941.12391943,639.5,359.5
F2,230226_m1,22,frames/f022.jpg,1771833590.7341375,1771833589.8341374,DJI_20260223085548_0002_D.MP4,-0.005441690482949607,36.87514486504805,75.6,-90.0,-10.4,24,16,15,1280,720,3840,2160,941.12391943,639.5,359.5
F2,230226_m1,23,frames/f023.jpg,1771833599.3239288,1771833598.4239287,DJI_20260223085548_0002_D.MP4,-0.005440648987979988,36.87514387688925,75.6,-90.0,-10.4,24,13,13,1280,720,3840,2160,941.12391943,639.5,359.5
F2,230226_m1,24,frames/f024.jpg,1771833607.4841154,1771833606.5841153,DJI_20260223085548_0002_D.MP4,-0.005441822795040928,36.87514436233066,75.6,-90.0,-10.4,24,10,10,1280,720,3840,2160,941.12391943,639.5,359.5
F2,230226_m1,25,frames/f051.jpg,1771833615.198666,1771833614.298666,DJI_20260223085548_0002_D.MP4,-0.005441005750738144,36.87514426628442,75.6,-90.0,-10.4,24,10,9,1280,720,3840,2160,941.12391943,639.5,359.5
F2,230226_m1,26,frames/f052.jpg,1771833623.198666,1771833622.298666,DJI_20260223085548_0002_D.MP4,-0.00544203490571997,36.87514331514557,75.6,-90.0,-10.4,24,10,0,1280,720,3840,2160,941.12391943,639.5,359.5
F2,230226_m1,27,frames/f053.jpg,1771833631.198666,1771833630.298666,DJI_20260223085548_0002_D.MP4,-0.00544203490571997,36.87514331514557,75.6,-90.0,-10.4,24,8,0,1280,720,3840,2160,941.12391943,639.5,359.5
F2,230226_m1,28,frames/f054.jpg,1771833639.198666,1771833638.298666,DJI_20260223085548_0002_D.MP4,-0.00544203490571997,36.87514331514557,75.6,-90.0,-10.4,24,6,11,1280,720,3840,2160,941.12391943,639.5,359.5
F2,230226_m1,29,frames/f025.jpg,1771833644.245697,1771833643.345697,DJI_20260223085548_0002_D.MP4,-0.005443907567422846,36.87514288626244,75.5,-90.0,-10.4,24,6,11,1280,720,3840,2160,941.12391943,639.5,359.5
F2,230226_m1,30,frames/f026.jpg,1771833652.3203816,1771833651.4203815,DJI_20260223085548_0002_D.MP4,-0.005444172602938416,36.87514328408994,75.5,-90.0,-10.4,24,6,9,1280,720,3840,2160,941.12391943,639.5,359.5
F2,230226_m1,31,frames/f027.jpg,1771833660.4844642,1771833659.584464,DJI_20260223085548_0002_D.MP4,-0.005428039028677616,36.87523051039122,74.7,-90.0,-10.5,24,6,9,1280,720,3840,2160,941.12391943,639.5,359.5
F2,230226_m1,32,frames/f028.jpg,1771833670.9779692,1771833670.077969,DJI_20260223085548_0002_D.MP4,-0.005411086901893301,36.875313344342366,74.7,-90.0,-10.700000000000001,24,6,13,1280,720,3840,2160,941.12391943,639.5,359.5
F2,230226_m1,33,frames/f029.jpg,1771833680.972308,1771833680.0723078,DJI_20260223090114_0003_D.MP4,-0.005411431187552689,36.875313425306395,74.6,-90.0,-10.700000000000001,24,3,6,1280,720,3840,2160,941.12391943,639.5,359.5
F2,230226_m1,34,frames/f030.jpg,1771833690.9725783,1771833690.0725782,DJI_20260223090114_0003_D.MP4,-0.005242252285815275,36.87524258822292,74.9,-90.0,-11.3,24,13,6,1280,720,3840,2160,941.12391943,639.5,359.5
F2,230226_m1,35,frames/f031.jpg,1771833700.9723713,1771833700.0723712,DJI_20260223090114_0003_D.MP4,-0.005067712756270177,36.87534183120441,74.9,-90.0,-9.3,24,18,12,1280,720,3840,2160,941.12391943,639.5,359.5
F2,230226_m1,36,frames/f032.jpg,1771833710.8761115,1771833709.9761114,DJI_20260223090114_0003_D.MP4,-0.005067667783870225,36.87534003539339,75.0,-90.0,-9.3,24,17,17,1280,720,3840,2160,941.12391943,639.5,359.5
F2,230226_m1,37,frames/f033.jpg,1771833718.9971302,1771833718.09713,DJI_20260223090114_0003_D.MP4,-0.005002421058198521,36.87532176343621,75.1,-90.0,-12.200000000000001,24,18,18,1280,720,3840,2160,941.12391943,639.5,359.5
F2,230226_m1,38,frames/f034.jpg,1771833727.2151504,1771833726.3151503,DJI_20260223090114_0003_D.MP4,-0.00500244285884362,36.875321109005526,75.2,-90.0,-12.200000000000001,24,18,18,1280,720,3840,2160,941.12391943,639.5,359.5
F2,230226_m1,39,frames/f035.jpg,1771833735.2161548,1771833734.3161547,DJI_20260223090114_0003_D.MP4,-0.004998470616773476,36.87532113299994,75.1,-90.0,-13.3,24,18,18,1280,720,3840,2160,941.12391943,639.5,359.5
F2,230226_m1,40,frames/f036.jpg,1771833743.3834424,1771833742.4834423,DJI_20260223090114_0003_D.MP4,-0.004975945888613412,36.87531873184397,75.1,-90.0,-12.3,24,18,18,1280,720,3840,2160,941.12391943,639.5,359.5
F2,230226_m1,41,frames/f037.jpg,1771833751.3866117,1771833750.4866116,DJI_20260223090114_0003_D.MP4,-0.004976615264395622,36.87531935192836,75.0,-90.0,-12.3,24,18,17,1280,720,3840,2160,941.12391943,639.5,359.5
F2,230226_m1,42,frames/f038.jpg,1771833759.390265,1771833758.490265,DJI_20260223090114_0003_D.MP4,-0.00496579295799134,36.87533972415147,75.0,-90.0,-10.200000000000001,24,18,15,1280,720,3840,2160,941.12391943,639.5,359.5
F2,230226_m1,43,frames/f039.jpg,1771833767.5931542,1771833766.693154,DJI_20260223090114_0003_D.MP4,-0.0049666862359964824,36.87533931823443,74.9,-90.0,-10.200000000000001,24,18,16,1280,720,3840,2160,941.12391943,639.5,359.5
F2,230226_m1,44,frames/f040.jpg,1771833775.5971096,1771833774.6971095,DJI_20260223090114_0003_D.MP4,-0.004965452922772191,36.87533918379712,74.9,-90.0,-10.200000000000001,24,18,16,1280,720,3840,2160,941.12391943,639.5,359.5
F2,230226_m1,45,frames/f041.jpg,1771833783.8619225,1771833782.9619224,DJI_20260223090114_0003_D.MP4,-0.004964430623339138,36.87533866791706,75.0,-90.0,-10.200000000000001,24,18,16,1280,720,3840,2160,941.12391943,639.5,359.5
F2,230226_m1,46,frames/f042.jpg,1771833791.9818263,1771833791.0818262,DJI_20260223090114_0003_D.MP4,-0.0049634331409926435,36.87533921985731,75.0,-90.0,-11.100000000000001,24,18,16,1280,720,3840,2160,941.12391943,639.5,359.5
F2,230226_m1,47,frames/f043.jpg,1771833800.012001,1771833799.112001,DJI_20260223090114_0003_D.MP4,-0.004956017768106669,36.875335622270946,74.9,-90.0,-11.100000000000001,24,18,17,1280,720,3840,2160,941.12391943,639.5,359.5
F2,230226_m1,48,frames/f044.jpg,1771833808.0122957,1771833807.1122956,DJI_20260223090114_0003_D.MP4,-0.004956965753391021,36.87533558257732,74.9,-90.0,-11.100000000000001,24,18,16,1280,720,3840,2160,941.12391943,639.5,359.5
F2,230226_m1,49,frames/f045.jpg,1771833816.19418,1771833815.29418,DJI_20260223090114_0003_D.MP4,-0.004951991230090242,36.875320636246876,74.9,-90.0,-11.600000000000001,24,17,11,1280,720,3840,2160,941.12391943,639.5,359.5
F2,230226_m1,50,frames/f046.jpg,1771833824.2122095,1771833823.3122094,DJI_20260223090114_0003_D.MP4,-0.0049522240445265785,36.875320112208726,74.9,-90.0,-11.600000000000001,24,17,15,1280,720,3840,2160,941.12391943,639.5,359.5
F2,230226_m1,51,frames/f047.jpg,1771833832.4235792,1771833831.5235791,DJI_20260223090114_0003_D.MP4,-0.004951805993162392,36.87532029998221,74.9,-90.0,-11.600000000000001,24,17,16,1280,720,3840,2160,941.12391943,639.5,359.5
F2,230226_m1,52,frames/f048.jpg,1771833840.5362327,1771833839.6362326,DJI_20260223090114_0003_D.MP4,-0.004952185790564424,36.87531954779139,74.9,-90.0,-11.600000000000001,24,17,16,1280,720,3840,2160,941.12391943,639.5,359.5
F2,230226_m1,53,frames/f049.jpg,1771833848.581981,1771833847.6819808,DJI_20260223090114_0003_D.MP4,-0.004952129163731557,36.875318727045084,74.9,-90.0,-11.4,24,17,15,1280,720,3840,2160,941.12391943,639.5,359.5
F2,230226_m1,54,frames/f050.jpg,1771833856.6473267,1771833855.7473266,DJI_20260223090114_0003_D.MP4,-0.004943495148495667,36.87535449141498,75.0,-90.0,-10.8,24,17,15,1280,720,3840,2160,941.12391943,639.5,359.5
F3,240226_m1,0,frames/f000.jpg,1771936599.1666422,1771936599.266642,DJI_20260224133554_0001_D.MP4,-0.004779405701559152,36.873785845729735,79.8,-90.0,-5.7,24,3,1,1280,720,3840,2160,941.12391943,639.5,359.5
F3,240226_m1,1,frames/f001.jpg,1771936612.9286838,1771936613.0286837,DJI_20260224133554_0001_D.MP4,-0.004586561881395972,36.87384426202952,79.7,-90.0,-5.7,24,3,1,1280,720,3840,2160,941.12391943,639.5,359.5
F3,240226_m1,2,frames/f002.jpg,1771936623.6154664,1771936623.7154663,DJI_20260224133554_0001_D.MP4,-0.004585751281412464,36.873843808860656,79.7,-90.0,-5.7,24,3,1,1280,720,3840,2160,941.12391943,639.5,359.5
F3,240226_m1,3,frames/f003.jpg,1771936633.6152678,1771936633.7152677,DJI_20260224133554_0001_D.MP4,-0.004586549541409755,36.8738436668437,79.7,-90.0,-5.7,24,3,1,1280,720,3840,2160,941.12391943,639.5,359.5
F3,240226_m1,4,frames/f004.jpg,1771936643.6150553,1771936643.7150552,DJI_20260224133554_0001_D.MP4,-0.004586055119295322,36.873843750661344,79.7,-90.0,-5.7,24,3,1,1280,720,3840,2160,941.12391943,639.5,359.5
F3,240226_m1,5,frames/f005.jpg,1771936653.615172,1771936653.7151718,DJI_20260224133554_0001_D.MP4,-0.004390591382947286,36.87386235237876,75.3,-90.0,-9.9,24,3,1,1280,720,3840,2160,941.12391943,639.5,359.5
F3,240226_m1,6,frames/f006.jpg,1771936661.6349576,1771936661.7349575,DJI_20260224133554_0001_D.MP4,-0.004383147354817274,36.87386257300743,75.2,-90.0,-9.9,24,3,2,1280,720,3840,2160,941.12391943,639.5,359.5
F3,240226_m1,7,frames/f007.jpg,1771936681.227987,1771936681.327987,DJI_20260224133554_0001_D.MP4,-0.0042763313372340276,36.873805250452484,75.0,-90.0,-10.3,24,3,1,1280,720,3840,2160,941.12391943,639.5,359.5
F3,240226_m1,8,frames/f008.jpg,1771936691.053543,1771936691.153543,DJI_20260224133554_0001_D.MP4,-0.0042768696348550106,36.87380539257656,75.0,-90.0,-10.3,24,3,3,1280,720,3840,2160,941.12391943,639.5,359.5
F3,240226_m1,9,frames/f009.jpg,1771936701.0530465,1771936701.1530464,DJI_20260224133554_0001_D.MP4,-0.004184109410016921,36.873903750065686,75.0,-90.0,-9.5,24,3,3,1280,720,3840,2160,941.12391943,639.5,359.5
F3,240226_m1,10,frames/f010.jpg,1771936711.0531347,1771936711.1531346,DJI_20260224133554_0001_D.MP4,-0.0042383872507258955,36.87383527082413,75.0,-90.0,-8.9,24,3,3,1280,720,3840,2160,941.12391943,639.5,359.5
F3,240226_m1,11,frames/f011.jpg,1771936721.0530806,1771936721.1530805,DJI_20260224133554_0001_D.MP4,-0.004227776233688732,36.87382050605621,75.0,-90.0,-11.600000000000001,24,3,3,1280,720,3840,2160,941.12391943,639.5,359.5
F3,240226_m1,22,frames/f022.jpg,1771936829.2332456,1771936829.3332455,DJI_20260224133554_0001_D.MP4,-0.006021959635717713,36.87083669163622,75.0,-51.7,-155.60000000000002,24,0,4,1280,720,3840,2160,941.12391943,639.5,359.5
F3,240226_m1,32,frames/f032.jpg,1771936910.0382485,1771936910.1382484,DJI_20260224134120_0002_D.MP4,-0.006437858784411148,36.87068010735607,74.8,-90.0,-12.4,24,15,11,1280,720,3840,2160,941.12391943,639.5,359.5
F3,240226_m1,33,frames/f033.jpg,1771936918.0396204,1771936918.1396203,DJI_20260224134120_0002_D.MP4,-0.00641484731522438,36.87071922209626,75.0,-90.0,-9.5,24,14,12,1280,720,3840,2160,941.12391943,639.5,359.5
F3,240226_m1,34,frames/f034.jpg,1771936926.2341542,1771936926.3341541,DJI_20260224134120_0002_D.MP4,-0.00640176144539589,36.870715931159026,75.0,-90.0,-11.3,24,15,9,1280,720,3840,2160,941.12391943,639.5,359.5
F3,240226_m1,35,frames/f035.jpg,1771936934.235568,1771936934.335568,DJI_20260224134120_0002_D.MP4,-0.0064006460477528185,36.87071597229231,75.0,-90.0,-11.3,24,14,14,1280,720,3840,2160,941.12391943,639.5,359.5
F3,240226_m1,36,frames/f036.jpg,1771936942.2380652,1771936942.3380651,DJI_20260224134120_0002_D.MP4,-0.00639885962908145,36.870715783353404,75.0,-90.0,-11.3,24,14,14,1280,720,3840,2160,941.12391943,639.5,359.5
F3,240226_m1,37,frames/f037.jpg,1771936950.2408412,1771936950.340841,DJI_20260224134120_0002_D.MP4,-0.006398471947847795,36.87071455319388,75.0,-90.0,-11.3,24,14,13,1280,720,3840,2160,941.12391943,639.5,359.5
F3,240226_m1,38,frames/f038.jpg,1771936958.2410266,1771936958.3410265,DJI_20260224134120_0002_D.MP4,-0.006398878001949818,36.870713669102415,75.0,-90.0,-11.3,24,14,14,1280,720,3840,2160,941.12391943,639.5,359.5
F3,240226_m1,39,frames/f039.jpg,1771936966.2623105,1771936966.3623104,DJI_20260224134120_0002_D.MP4,-0.006397793934160643,36.87071407659619,75.0,-90.0,-11.3,24,14,13,1280,720,3840,2160,941.12391943,639.5,359.5
F3,240226_m1,40,frames/f040.jpg,1771936974.434339,1771936974.534339,DJI_20260224134120_0002_D.MP4,-0.0063968898245038,36.87071377193564,75.0,-90.0,-11.3,24,14,13,1280,720,3840,2160,941.12391943,639.5,359.5
F3,240226_m1,41,frames/f041.jpg,1771936982.4512503,1771936982.5512502,DJI_20260224134120_0002_D.MP4,-0.006396391494727064,36.87071348976128,75.0,-90.0,-11.3,24,14,13,1280,720,3840,2160,941.12391943,639.5,359.5
F3,240226_m1,42,frames/f042.jpg,1771936990.6476119,1771936990.7476118,DJI_20260224134120_0002_D.MP4,-0.006397286760727118,36.87071587412086,75.0,-90.0,-11.3,24,14,14,1280,720,3840,2160,941.12391943,639.5,359.5
F3,240226_m1,43,frames/f043.jpg,1771936998.6535692,1771936998.7535691,DJI_20260224134120_0002_D.MP4,-0.0063965658998655995,36.87071688161219,75.0,-90.0,-11.3,24,14,14,1280,720,3840,2160,941.12391943,639.5,359.5
F3,240226_m1,44,frames/f044.jpg,1771937006.6563606,1771937006.7563605,DJI_20260224134120_0002_D.MP4,-0.006396163959092315,36.87071569587661,75.0,-90.0,-11.3,24,14,14,1280,720,3840,2160,941.12391943,639.5,359.5
F3,240226_m1,45,frames/f045.jpg,1771937014.8331017,1771937014.9331017,DJI_20260224134120_0002_D.MP4,-0.006395040403347246,36.87071539478095,75.0,-90.0,-11.3,24,14,12,1280,720,3840,2160,941.12391943,639.5,359.5
F3,240226_m1,46,frames/f046.jpg,1771937022.8396266,1771937022.9396265,DJI_20260224134120_0002_D.MP4,-0.0063944050997235,36.87071563417668,75.0,-90.0,-11.3,24,14,14,1280,720,3840,2160,941.12391943,639.5,359.5
F3,240226_m1,47,frames/f047.jpg,1771937030.8450186,1771937030.9450185,DJI_20260224134120_0002_D.MP4,-0.006392887075752354,36.870716440389124,75.0,-90.0,-11.3,24,14,14,1280,720,3840,2160,941.12391943,639.5,359.5
F3,240226_m1,48,frames/f048.jpg,1771937038.8555517,1771937038.9555516,DJI_20260224134120_0002_D.MP4,-0.006392616350165846,36.87071678069852,75.0,-90.0,-11.3,24,14,14,1280,720,3840,2160,941.12391943,639.5,359.5
F3,240226_m1,49,frames/f049.jpg,1771937047.0456166,1771937047.1456165,DJI_20260224134120_0002_D.MP4,-0.006392032531706816,36.87071779340006,75.0,-90.0,-11.3,24,14,13,1280,720,3840,2160,941.12391943,639.5,359.5
F3,240226_m1,50,frames/f050.jpg,1771937055.2445588,1771937055.3445587,DJI_20260224134120_0002_D.MP4,-0.006373884799532055,36.870712691501275,75.1,-90.0,-11.700000000000001,24,14,12,1280,720,3840,2160,941.12391943,639.5,359.5
F3,240226_m1,51,frames/f051.jpg,1771937063.4414127,1771937063.5414126,DJI_20260224134120_0002_D.MP4,-0.006373803424178501,36.87071203007801,75.1,-90.0,-11.700000000000001,24,14,4,1280,720,3840,2160,941.12391943,639.5,359.5
F3,240226_m1,52,frames/f052.jpg,1771937073.65979,1771937073.75979,DJI_20260224134120_0002_D.MP4,-0.00633594427790883,36.87070379903292,75.2,-90.0,-9.200000000000001,24,14,4,1280,720,3840,2160,941.12391943,639.5,359.5
F3,240226_m1,53,frames/f053.jpg,1771937081.8334203,1771937081.9334202,DJI_20260224134120_0002_D.MP4,-0.0063646526388437,36.87075429590226,75.2,-90.0,-10.8,24,14,4,1280,720,3840,2160,941.12391943,639.5,359.5
F3,240226_m1,54,frames/f054.jpg,1771937089.840146,1771937089.940146,DJI_20260224134120_0002_D.MP4,-0.00636473230031028,36.87076227795385,75.1,-90.0,-10.8,24,13,5,1280,720,3840,2160,941.12391943,639.5,359.5
F3,240226_m1,55,frames/f055.jpg,1771937098.0277717,1771937098.1277716,DJI_20260224134120_0002_D.MP4,-0.006389597029760427,36.87071190311327,75.0,-90.0,-9.600000000000001,24,12,2,1280,720,3840,2160,941.12391943,639.5,359.5
F3,240226_m1,56,frames/f056.jpg,1771937106.8593109,1771937106.9593108,DJI_20260224134120_0002_D.MP4,-0.006486053080470551,36.870769003794834,75.0,-90.0,-11.3,24,13,1,1280,720,3840,2160,941.12391943,639.5,359.5
F3,240226_m1,57,frames/f057.jpg,1771937124.320848,1771937124.420848,DJI_20260224134120_0002_D.MP4,-0.0066721092912149895,36.87079277060848,75.1,-90.0,-10.200000000000001,24,6,2,1280,720,3840,2160,941.12391943,639.5,359.5
F3,240226_m1,58,frames/f058.jpg,1771937136.5736938,1771937136.6736937,DJI_20260224134120_0002_D.MP4,-0.0066732499858298076,36.87079363742396,75.1,-90.0,-10.200000000000001,24,5,4,1280,720,3840,2160,941.12391943,639.5,359.5
F3,240226_m1,59,frames/f059.jpg,1771937146.5733244,1771937146.6733243,DJI_20260224134120_0002_D.MP4,-0.006531987719387156,36.87072864765203,74.9,-90.0,-10.600000000000001,24,10,4,1280,720,3840,2160,941.12391943,639.5,359.5
F3,240226_m1,60,frames/f060.jpg,1771937156.5738134,1771937156.6738133,DJI_20260224134120_0002_D.MP4,-0.006532660042969553,36.8707296419807,74.9,-90.0,-10.600000000000001,24,10,4,1280,720,3840,2160,941.12391943,639.5,359.5
F3,240226_m1,61,frames/f061.jpg,1771937166.5736184,1771937166.6736183,DJI_20260224134120_0002_D.MP4,-0.006532601839367896,36.87072860871252,75.0,-90.0,-10.600000000000001,24,10,4,1280,720,3840,2160,941.12391943,639.5,359.5
F3,240226_m1,62,frames/f062.jpg,1771937176.575319,1771937176.675319,DJI_20260224134120_0002_D.MP4,-0.0065312925668302565,36.87072556731723,75.0,-90.0,-10.600000000000001,24,10,4,1280,720,3840,2160,941.12391943,639.5,359.5
F3,240226_m1,63,frames/f063.jpg,1771937186.5757046,1771937186.6757045,DJI_20260224134120_0002_D.MP4,-0.006529971845527629,36.870723291549524,75.0,-90.0,-10.600000000000001,24,9,3,1280,720,3840,2160,941.12391943,639.5,359.5
F3,240226_m1,64,frames/f064.jpg,1771937196.5732062,1771937196.673206,DJI_20260224134120_0002_D.MP4,-0.006499754852722234,36.87073069992886,75.1,-90.0,-10.200000000000001,24,10,6,1280,720,3840,2160,941.12391943,639.5,359.5
F3,240226_m1,65,frames/f065.jpg,1771937206.5735202,1771937206.67352,DJI_20260224134646_0003_D.MP4,-0.006498415278662884,36.87073072351195,75.1,-90.0,-10.200000000000001,24,10,5,1280,720,3840,2160,941.12391943,639.5,359.5
F3,240226_m1,66,frames/f066.jpg,1771937216.5734732,1771937216.6734731,DJI_20260224134646_0003_D.MP4,-0.006474081237175553,36.870715931981685,75.1,-90.0,-12.3,24,12,5,1280,720,3840,2160,941.12391943,639.5,359.5
F3,240226_m1,67,frames/f067.jpg,1771937227.9472008,1771937228.0472007,DJI_20260224134646_0003_D.MP4,-0.006449601103962508,36.870708519214794,75.1,-90.0,-11.200000000000001,24,12,2,1280,720,3840,2160,941.12391943,639.5,359.5
F3,240226_m1,68,frames/f068.jpg,1771937238.4242814,1771937238.5242813,DJI_20260224134646_0003_D.MP4,-0.0064676332515997016,36.87072165033135,75.0,-90.0,-12.700000000000001,24,11,2,1280,720,3840,2160,941.12391943,639.5,359.5
F3,240226_m1,69,frames/f069.jpg,1771937248.424114,1771937248.524114,DJI_20260224134646_0003_D.MP4,-0.006527384630306246,36.87076959446885,75.0,-90.0,-12.4,24,6,2,1280,720,3840,2160,941.12391943,639.5,359.5
F3,240226_m1,70,frames/f070.jpg,1771937258.4243302,1771937258.5243301,DJI_20260224134646_0003_D.MP4,-0.006527215983827946,36.87076765352611,75.0,-90.0,-12.4,24,8,2,1280,720,3840,2160,941.12391943,639.5,359.5
F3,240226_m1,71,frames/f071.jpg,1771937268.4243271,1771937268.524327,DJI_20260224134646_0003_D.MP4,-0.006604919917260584,36.870833863037134,75.0,-90.0,-12.100000000000001,24,6,2,1280,720,3840,2160,941.12391943,639.5,359.5
F4,240226_m2,0,frames/f000.jpg,1771939198.0661993,1771937786.6661992,DJI_20260224135530_0001_D.MP4,-0.00439789239915624,36.874101331899624,75.7,-90.0,-8.200000000000001,24,5,3,1280,720,3840,2160,941.12391943,639.5,359.5
F4,240226_m2,1,frames/f001.jpg,1771939206.199575,1771937794.7995749,DJI_20260224135530_0001_D.MP4,-0.004397997426285102,36.87410001407308,75.7,-90.0,-8.200000000000001,24,5,4,1280,720,3840,2160,941.12391943,639.5,359.5
F4,240226_m2,2,frames/f002.jpg,1771939214.201008,1771937802.801008,DJI_20260224135530_0001_D.MP4,-0.0043978326187016905,36.87409964138788,75.7,-90.0,-8.200000000000001,24,5,4,1280,720,3840,2160,941.12391943,639.5,359.5
F4,240226_m2,3,frames/f003.jpg,1771939222.3924384,1771937810.9924383,DJI_20260224135530_0001_D.MP4,-0.004397640388891423,36.874099940153044,75.7,-90.0,-8.200000000000001,24,5,5,1280,720,3840,2160,941.12391943,639.5,359.5
F4,240226_m2,4,frames/f004.jpg,1771939230.5923545,1771937819.1923544,DJI_20260224135530_0001_D.MP4,-0.004397460499083241,36.874100261490135,75.6,-90.0,-8.200000000000001,24,5,5,1280,720,3840,2160,941.12391943,639.5,359.5
F4,240226_m2,5,frames/f005.jpg,1771939238.5948281,1771937827.194828,DJI_20260224135530_0001_D.MP4,-0.004397546604875572,36.874101764536675,75.6,-90.0,-8.200000000000001,24,5,5,1280,720,3840,2160,941.12391943,639.5,359.5
F4,240226_m2,6,frames/f006.jpg,1771939246.6179976,1771937835.2179976,DJI_20260224135530_0001_D.MP4,-0.004397057666570711,36.874100799617054,75.6,-90.0,-8.200000000000001,24,5,6,1280,720,3840,2160,941.12391943,639.5,359.5
F4,240226_m2,7,frames/f007.jpg,1771939254.7576973,1771937843.3576972,DJI_20260224135530_0001_D.MP4,-0.004397454466193332,36.87410064463006,75.6,-90.0,-8.200000000000001,24,5,5,1280,720,3840,2160,941.12391943,639.5,359.5
F4,240226_m2,8,frames/f008.jpg,1771939262.7992764,1771937851.3992763,DJI_20260224135530_0001_D.MP4,-0.004398566985936922,36.87410084278992,75.6,-90.0,-8.200000000000001,24,5,5,1280,720,3840,2160,941.12391943,639.5,359.5
F4,240226_m2,9,frames/f009.jpg,1771939270.8012156,1771937859.4012156,DJI_20260224135530_0001_D.MP4,-0.00440373113969864,36.87411631375917,75.4,-90.0,-8.6,24,5,4,1280,720,3840,2160,941.12391943,639.5,359.5
F4,240226_m2,10,frames/f010.jpg,1771939278.9913511,1771937867.591351,DJI_20260224135530_0001_D.MP4,-0.004404516238053558,36.87411607511723,75.4,-90.0,-8.6,24,5,5,1280,720,3840,2160,941.12391943,639.5,359.5
F4,240226_m2,11,frames/f011.jpg,1771939287.0001304,1771937875.6001303,DJI_20260224135530_0001_D.MP4,-0.004404553806504351,36.87411543006076,75.4,-90.0,-8.6,24,5,5,1280,720,3840,2160,941.12391943,639.5,359.5
F4,240226_m2,12,frames/f012.jpg,1771939295.20442,1771937883.80442,DJI_20260224135530_0001_D.MP4,-0.004434099062164662,36.87415394104807,75.2,-90.0,-8.3,24,5,2,1280,720,3840,2160,941.12391943,639.5,359.5
F4,240226_m2,13,frames/f013.jpg,1771939303.400044,1771937892.0000439,DJI_20260224135530_0001_D.MP4,-0.004431828776003168,36.87415241925159,75.3,-90.0,-10.100000000000001,24,5,5,1280,720,3840,2160,941.12391943,639.5,359.5
F4,240226_m2,14,frames/f014.jpg,1771939311.424728,1771937900.0247278,DJI_20260224135530_0001_D.MP4,-0.004418558337760241,36.87412982654145,75.2,-90.0,-9.1,24,5,5,1280,720,3840,2160,941.12391943,639.5,359.5
F4,240226_m2,15,frames/f015.jpg,1771939319.5925303,1771937908.1925302,DJI_20260224135530_0001_D.MP4,-0.004421219939098985,36.874129318990306,75.2,-90.0,-9.1,24,5,5,1280,720,3840,2160,941.12391943,639.5,359.5
F4,240226_m2,16,frames/f016.jpg,1771939327.611282,1771937916.211282,DJI_20260224135530_0001_D.MP4,-0.0044247368396934,36.8741299756498,75.2,-90.0,-9.1,24,5,5,1280,720,3840,2160,941.12391943,639.5,359.5
F4,240226_m2,17,frames/f017.jpg,1771939335.8006566,1771937924.4006565,DJI_20260224135530_0001_D.MP4,-0.004423237666551127,36.874132232910426,75.2,-90.0,-9.1,24,5,4,1280,720,3840,2160,941.12391943,639.5,359.5
F4,240226_m2,18,frames/f018.jpg,1771939343.8122308,1771937932.4122307,DJI_20260224135530_0001_D.MP4,-0.004423904300886021,36.87413498118316,75.2,-90.0,-9.1,24,5,5,1280,720,3840,2160,941.12391943,639.5,359.5
F4,240226_m2,19,frames/f019.jpg,1771939351.9946632,1771937940.5946631,DJI_20260224135530_0001_D.MP4,-0.004424935102393577,36.87413716464371,75.2,-90.0,-9.1,24,5,1,1280,720,3840,2160,941.12391943,639.5,359.5
F4,240226_m2,20,frames/f020.jpg,1771939359.9988272,1771937948.5988271,DJI_20260224135530_0001_D.MP4,-0.0044253181909027686,36.8741351870384,75.2,-90.0,-9.1,24,5,4,1280,720,3840,2160,941.12391943,639.5,359.5
F4,240226_m2,21,frames/f021.jpg,1771939368.0029879,1771937956.6029878,DJI_20260224135530_0001_D.MP4,-0.004421499371590658,36.874163367181545,75.1,-90.0,-7.800000000000001,24,5,5,1280,720,3840,2160,941.12391943,639.5,359.5
F4,240226_m2,22,frames/f022.jpg,1771939376.1983137,1771937964.7983136,DJI_20260224135530_0001_D.MP4,-0.004396292312219131,36.874136627579404,75.0,-90.0,-9.0,24,5,5,1280,720,3840,2160,941.12391943,639.5,359.5
F4,240226_m2,23,frames/f023.jpg,1771939384.207643,1771937972.807643,DJI_20260224135530_0001_D.MP4,-0.004402698418635204,36.87414053295014,75.0,-90.0,-9.5,24,5,5,1280,720,3840,2160,941.12391943,639.5,359.5
F4,240226_m2,24,frames/f024.jpg,1771939392.2263808,1771937980.8263807,DJI_20260224135530_0001_D.MP4,-0.004411823713066421,36.87415531503876,75.1,-90.0,-7.9,24,5,5,1280,720,3840,2160,941.12391943,639.5,359.5
F4,240226_m2,25,frames/f025.jpg,1771939400.3953798,1771937988.9953797,DJI_20260224135530_0001_D.MP4,-0.004411731574384181,36.8741528031799,75.1,-90.0,-7.9,24,5,5,1280,720,3840,2160,941.12391943,639.5,359.5
F4,240226_m2,26,frames/f026.jpg,1771939408.591619,1771937997.191619,DJI_20260224135530_0001_D.MP4,-0.004411779563281181,36.87415090830401,75.1,-90.0,-7.9,24,5,5,1280,720,3840,2160,941.12391943,639.5,359.5
F4,240226_m2,27,frames/f027.jpg,1771939416.6000853,1771938005.2000852,DJI_20260224135530_0001_D.MP4,-0.00441127910764104,36.874153675275274,75.1,-90.0,-7.9,24,5,4,1280,720,3840,2160,941.12391943,639.5,359.5
F4,240226_m2,28,frames/f028.jpg,1771939424.6007082,1771938013.2007082,DJI_20260224135530_0001_D.MP4,-0.004394325864331213,36.87413736811664,75.1,-90.0,-10.100000000000001,24,5,5,1280,720,3840,2160,941.12391943,639.5,359.5
F4,240226_m2,29,frames/f029.jpg,1771939432.7961314,1771938021.3961313,DJI_20260224135530_0001_D.MP4,-0.004413118316396341,36.8741567155776,75.1,-90.0,-7.9,24,5,4,1280,720,3840,2160,941.12391943,639.5,359.5
F4,240226_m2,30,frames/f030.jpg,1771939440.813857,1771938029.413857,DJI_20260224135530_0001_D.MP4,-0.00441299573904229,36.874154716600074,75.2,-90.0,-7.9,24,5,4,1280,720,3840,2160,941.12391943,639.5,359.5
F4,240226_m2,31,frames/f031.jpg,1771939448.8219767,1771938037.4219766,DJI_20260224135530_0001_D.MP4,-0.004413688972937236,36.87415485751605,75.1,-90.0,-7.9,24,5,5,1280,720,3840,2160,941.12391943,639.5,359.5
F4,240226_m2,32,frames/f032.jpg,1771939456.9907072,1771938045.590707,DJI_20260224135530_0001_D.MP4,-0.004414239611252526,36.874154964874066,75.1,-90.0,-7.9,24,5,5,1280,720,3840,2160,941.12391943,639.5,359.5
F4,240226_m2,33,frames/f033.jpg,1771939465.009952,1771938053.609952,DJI_20260224135530_0001_D.MP4,-0.004411483677453394,36.8741548974668,75.2,-90.0,-7.9,24,5,5,1280,720,3840,2160,941.12391943,639.5,359.5
F4,240226_m2,34,frames/f034.jpg,1771939473.2068994,1771938061.8068993,DJI_20260224140056_0002_D.MP4,-0.004410945927584727,36.87415281428591,75.2,-90.0,-7.9,24,5,5,1280,720,3840,2160,941.12391943,639.5,359.5
F4,240226_m2,35,frames/f035.jpg,1771939481.4135482,1771938070.0135481,DJI_20260224140056_0002_D.MP4,-0.004421648000060224,36.87415868416786,75.2,-90.0,-9.600000000000001,24,5,5,1280,720,3840,2160,941.12391943,639.5,359.5
F4,240226_m2,36,frames/f036.jpg,1771939489.5996165,1771938078.1996164,DJI_20260224140056_0002_D.MP4,-0.004421200469317916,36.87415867109089,75.2,-90.0,-9.600000000000001,24,5,5,1280,720,3840,2160,941.12391943,639.5,359.5
F4,240226_m2,37,frames/f037.jpg,1771939497.8136926,1771938086.4136925,DJI_20260224140056_0002_D.MP4,-0.004421369390235356,36.87415856947439,75.2,-90.0,-9.600000000000001,24,5,5,1280,720,3840,2160,941.12391943,639.5,359.5
F4,240226_m2,38,frames/f038.jpg,1771939505.9928644,1771938094.5928643,DJI_20260224140056_0002_D.MP4,-0.004421335386674052,36.87415944468905,75.2,-90.0,-9.600000000000001,24,5,5,1280,720,3840,2160,941.12391943,639.5,359.5
F4,240226_m2,39,frames/f039.jpg,1771939513.9979727,1771938102.5979726,DJI_20260224140056_0002_D.MP4,-0.004421768383636126,36.8741588329163,75.2,-90.0,-9.600000000000001,24,5,5,1280,720,3840,2160,941.12391943,639.5,359.5
F4,240226_m2,40,frames/f040.jpg,1771939522.0276866,1771938110.6276865,DJI_20260224140056_0002_D.MP4,-0.004420888952820821,36.87415833614552,75.2,-90.0,-9.600000000000001,24,5,6,1280,720,3840,2160,941.12391943,639.5,359.5
F4,240226_m2,41,frames/f041.jpg,1771939530.2006142,1771938118.800614,DJI_20260224140056_0002_D.MP4,-0.004420343524728633,36.87415816230574,75.2,-90.0,-9.600000000000001,24,5,5,1280,720,3840,2160,941.12391943,639.5,359.5
F4,240226_m2,42,frames/f042.jpg,1771939538.2055888,1771938126.8055887,DJI_20260224140056_0002_D.MP4,-0.004420417838963417,36.87415735335004,75.2,-90.0,-9.600000000000001,24,5,5,1280,720,3840,2160,941.12391943,639.5,359.5
F4,240226_m2,43,frames/f043.jpg,1771939546.2057874,1771938134.8057873,DJI_20260224140056_0002_D.MP4,-0.004419878992205675,36.87415692086724,75.2,-90.0,-9.600000000000001,24,5,5,1280,720,3840,2160,941.12391943,639.5,359.5
F4,240226_m2,44,frames/f044.jpg,1771939554.3917022,1771938142.991702,DJI_20260224140056_0002_D.MP4,-0.004420235755377085,36.874155646813435,75.2,-90.0,-9.600000000000001,24,5,5,1280,720,3840,2160,941.12391943,639.5,359.5
F4,240226_m2,45,frames/f045.jpg,1771939562.5941277,1771938151.1941276,DJI_20260224140056_0002_D.MP4,-0.004422070028131553,36.874154065442156,75.2,-90.0,-9.600000000000001,24,5,5,1280,720,3840,2160,941.12391943,639.5,359.5
F4,240226_m2,46,frames/f046.jpg,1771939570.5996785,1771938159.1996784,DJI_20260224140056_0002_D.MP4,-0.004422080997022296,36.874154141847335,75.2,-90.0,-9.600000000000001,24,5,5,1280,720,3840,2160,941.12391943,639.5,359.5
F4,240226_m2,47,frames/f047.jpg,1771939578.7915463,1771938167.3915462,DJI_20260224140056_0002_D.MP4,-0.004422099644136559,36.87415456627485,75.2,-90.0,-9.600000000000001,24,5,5,1280,720,3840,2160,941.12391943,639.5,359.5
F4,240226_m2,48,frames/f048.jpg,1771939586.7921686,1771938175.3921685,DJI_20260224140056_0002_D.MP4,-0.004421570120935949,36.874154026502595,75.2,-90.0,-9.600000000000001,24,5,5,1280,720,3840,2160,941.12391943,639.5,359.5
F4,240226_m2,49,frames/f049.jpg,1771939594.7996316,1771938183.3996315,DJI_20260224140056_0002_D.MP4,-0.0044199991015593095,36.87415445164994,75.2,-90.0,-9.600000000000001,24,5,5,1280,720,3840,2160,941.12391943,639.5,359.5
F4,240226_m2,50,frames/f050.jpg,1771939602.9920201,1771938191.59202,DJI_20260224140056_0002_D.MP4,-0.00442059361543757,36.874156072029336,75.2,-90.0,-9.600000000000001,24,5,5,1280,720,3840,2160,941.12391943,639.5,359.5
F4,240226_m2,51,frames/f051.jpg,1771939611.0077882,1771938199.607788,DJI_20260224140056_0002_D.MP4,-0.004421884105433462,36.87415797715429,75.1,-90.0,-9.600000000000001,24,5,5,1280,720,3840,2160,941.12391943,639.5,359.5
F4,240226_m2,52,frames/f052.jpg,1771939619.19534,1771938207.7953398,DJI_20260224140056_0002_D.MP4,-0.0044217700289697365,36.87415884325105,75.2,-90.0,-9.600000000000001,24,5,5,1280,720,3840,2160,941.12391943,639.5,359.5
F4,240226_m2,53,frames/f053.jpg,1771939627.3919015,1771938215.9919014,DJI_20260224140056_0002_D.MP4,-0.004421662808062725,36.87415938396595,75.2,-90.0,-9.600000000000001,24,5,5,1280,720,3840,2160,941.12391943,639.5,359.5
F4,240226_m2,54,frames/f054.jpg,1771939635.5948462,1771938224.1948462,DJI_20260224140056_0002_D.MP4,-0.004422269387720804,36.87415964631097,75.2,-90.0,-9.600000000000001,24,5,4,1280,720,3840,2160,941.12391943,639.5,359.5
F4,240226_m2,55,frames/f055.jpg,1771939643.6250558,1771938232.2250557,DJI_20260224140056_0002_D.MP4,-0.004433888185240131,36.87416649312691,75.1,-90.0,-10.700000000000001,24,5,2,1280,720,3840,2160,941.12391943,639.5,359.5
F4,240226_m2,56,frames/f056.jpg,1771939651.7988193,1771938240.3988192,DJI_20260224140056_0002_D.MP4,-0.004473553065277495,36.874215273481184,75.1,-90.0,-9.8,24,5,3,1280,720,3840,2160,941.12391943,639.5,359.5
F4,240226_m2,57,frames/f057.jpg,1771939659.8043468,1771938248.4043467,DJI_20260224140056_0002_D.MP4,-0.004468876478709295,36.87419164215419,75.1,-90.0,-9.200000000000001,24,5,5,1280,720,3840,2160,941.12391943,639.5,359.5
F4,240226_m2,58,frames/f058.jpg,1771939667.9914265,1771938256.5914264,DJI_20260224140056_0002_D.MP4,-0.004441450686962766,36.87417336784495,75.0,-90.0,-8.5,24,5,4,1280,720,3840,2160,941.12391943,639.5,359.5
F4,240226_m2,59,frames/f059.jpg,1771939675.991822,1771938264.591822,DJI_20260224140056_0002_D.MP4,-0.0044424672289123555,36.87417414264284,75.0,-90.0,-8.5,24,5,5,1280,720,3840,2160,941.12391943,639.5,359.5
F4,240226_m2,60,frames/f060.jpg,1771939683.9985669,1771938272.5985668,DJI_20260224140056_0002_D.MP4,-0.004483375158493149,36.874216188389504,74.9,-90.0,-8.4,24,5,5,1280,720,3840,2160,941.12391943,639.5,359.5
F4,240226_m2,61,frames/f061.jpg,1771939691.9987898,1771938280.5987897,DJI_20260224140056_0002_D.MP4,-0.0044466137438354085,36.874179534606796,74.9,-90.0,-8.4,24,5,4,1280,720,3840,2160,941.12391943,639.5,359.5
F4,240226_m2,62,frames/f062.jpg,1771939700.2026522,1771938288.8026521,DJI_20260224140056_0002_D.MP4,-0.004444658264838233,36.87418094230969,75.0,-90.0,-8.4,24,5,5,1280,720,3840,2160,941.12391943,639.5,359.5
F4,240226_m2,63,frames/f063.jpg,1771939708.402564,1771938297.002564,DJI_20260224140056_0002_D.MP4,-0.004446796101644008,36.87418013883843,75.0,-90.0,-8.4,24,5,5,1280,720,3840,2160,941.12391943,639.5,359.5
F4,240226_m2,64,frames/f064.jpg,1771939716.595881,1771938305.195881,DJI_20260224140056_0002_D.MP4,-0.004447480011981822,36.87418057815965,75.0,-90.0,-8.4,24,5,5,1280,720,3840,2160,941.12391943,639.5,359.5
F4,240226_m2,65,frames/f065.jpg,1771939724.5972552,1771938313.1972551,DJI_20260224140056_0002_D.MP4,-0.004446929647888801,36.87418136743991,75.0,-90.0,-8.4,24,5,5,1280,720,3840,2160,941.12391943,639.5,359.5
F4,240226_m2,66,frames/f066.jpg,1771939732.8079798,1771938321.4079797,DJI_20260224140056_0002_D.MP4,-0.004446203507321627,36.874182215575104,75.0,-90.0,-8.4,24,5,5,1280,720,3840,2160,941.12391943,639.5,359.5
F4,240226_m2,67,frames/f067.jpg,1771939740.991369,1771938329.591369,DJI_20260224140056_0002_D.MP4,-0.004446409722467592,36.874182911774035,75.0,-90.0,-8.4,24,5,5,1280,720,3840,2160,941.12391943,639.5,359.5
F4,240226_m2,68,frames/f068.jpg,1771939749.0178597,1771938337.6178596,DJI_20260224140056_0002_D.MP4,-0.004444836509312803,36.87418248378163,75.0,-90.0,-8.4,24,5,4,1280,720,3840,2160,941.12391943,639.5,359.5
F4,240226_m2,69,frames/f069.jpg,1771939757.1899273,1771938345.7899272,DJI_20260224140056_0002_D.MP4,-0.004443743733572551,36.874183338892365,75.0,-90.0,-8.4,24,5,4,1280,720,3840,2160,941.12391943,639.5,359.5
F4,240226_m2,70,frames/f070.jpg,1771939765.1903234,1771938353.7903233,DJI_20260224140056_0002_D.MP4,-0.004443174996587536,36.87418535648272,75.0,-90.0,-8.4,24,5,4,1280,720,3840,2160,941.12391943,639.5,359.5
F4,240226_m2,71,frames/f071.jpg,1771939773.195769,1771938361.795769,DJI_20260224140056_0002_D.MP4,-0.004442990993445325,36.87418482822779,75.0,-90.0,-8.4,24,6,4,1280,720,3840,2160,941.12391943,639.5,359.5
F4,240226_m2,72,frames/f072.jpg,1771939781.3983965,1771938369.9983964,DJI_20260224140056_0002_D.MP4,-0.004443736055349031,36.874184171859646,74.9,-90.0,-8.4,24,6,6,1280,720,3840,2160,941.12391943,639.5,359.5
F4,240226_m2,73,frames/f073.jpg,1771939789.5966623,1771938378.1966622,DJI_20260224140056_0002_D.MP4,-0.004446318406452159,36.874183213658476,75.0,-90.0,-8.4,24,6,6,1280,720,3840,2160,941.12391943,639.5,359.5
F4,240226_m2,74,frames/f074.jpg,1771939797.789856,1771938386.3898559,DJI_20260224140621_0003_D.MP4,-0.004447869407603192,36.87418328619027,75.0,-90.0,-8.4,24,6,6,1280,720,3840,2160,941.12391943,639.5,359.5
F4,240226_m2,75,frames/f075.jpg,1771939805.7932012,1771938394.393201,DJI_20260224140621_0003_D.MP4,-0.00444916072026589,36.87418315888257,75.0,-90.0,-8.4,24,6,6,1280,720,3840,2160,941.12391943,639.5,359.5
F4,240226_m2,76,frames/f076.jpg,1771939813.7979066,1771938402.3979065,DJI_20260224140621_0003_D.MP4,-0.004449348836742129,36.87418096551575,75.0,-90.0,-8.4,24,6,7,1280,720,3840,2160,941.12391943,639.5,359.5
F4,240226_m2,77,frames/f077.jpg,1771939821.9889452,1771938410.5889452,DJI_20260224140621_0003_D.MP4,-0.004448659441958944,36.874179166651935,75.0,-90.0,-8.4,24,6,6,1280,720,3840,2160,941.12391943,639.5,359.5
F4,240226_m2,78,frames/f078.jpg,1771939829.9898698,1771938418.5898697,DJI_20260224140621_0003_D.MP4,-0.004449037046022765,36.874179467508036,75.0,-90.0,-8.4,24,6,6,1280,720,3840,2160,941.12391943,639.5,359.5
F4,240226_m2,79,frames/f079.jpg,1771939837.9992452,1771938426.599245,DJI_20260224140621_0003_D.MP4,-0.004449495819878083,36.874179895003415,75.0,-90.0,-8.4,24,6,6,1280,720,3840,2160,941.12391943,639.5,359.5
F4,240226_m2,80,frames/f080.jpg,1771939857.5930722,1771938446.193072,DJI_20260224140621_0003_D.MP4,-0.004963822719252403,36.87412924760682,74.9,-0.2,177.70000000000002,24,0,1,1280,720,3840,2160,941.12391943,639.5,359.5
F4,240226_m2,81,frames/f081.jpg,1771939886.5923853,1771938475.1923852,DJI_20260224140621_0003_D.MP4,-0.007250896445603112,36.87390542257339,75.0,-90.0,-167.10000000000002,24,0,2,1280,720,3840,2160,941.12391943,639.5,359.5
F4,240226_m2,82,frames/f082.jpg,1771939894.608424,1771938483.2084239,DJI_20260224140621_0003_D.MP4,-0.007269752738968963,36.87389726013113,65.6,-90.0,-15.700000000000001,24,0,5,1280,720,3840,2160,941.12391943,639.5,359.5
F4,240226_m2,83,frames/f083.jpg,1771939902.7995386,1771938491.3995385,DJI_20260224140621_0003_D.MP4,-0.007264759517802108,36.87389109876911,28.1,-90.0,-15.700000000000001,24,0,9,1280,720,3840,2160,941.12391943,639.5,359.5
F4,240226_m2,84,frames/f084.jpg,1771939910.9906518,1771938499.5906518,DJI_20260224140621_0003_D.MP4,-0.007261970619486986,36.87389101987343,23.8,-90.0,-15.700000000000001,24,0,5,1280,720,3840,2160,941.12391943,639.5,359.5
F4,240226_m2,85,frames/f085.jpg,1771939918.9953058,1771938507.5953057,DJI_20260224140621_0003_D.MP4,-0.007260316823547746,36.87389137690226,16.3,-90.0,-15.700000000000001,24,0,1,1280,720,3840,2160,941.12391943,639.5,359.5
F4,240226_m2,86,frames/f086.jpg,1771939927.5914912,1771938516.1914911,DJI_20260224140621_0003_D.MP4,-0.007256692044341347,36.87389104083644,7.1,-90.0,-15.700000000000001,24,0,1,1280,720,3840,2160,941.12391943,639.5,359.5
