mission_id,day,mission_start,solve_idx,herd_in_epoch,solve_start_epoch,iters_end_epoch,swarm_out_epoch,compute_time_s,herd_to_out_s,n_iter_ticks,s_per_tick
F1,210226,15:40,0,1771685025.383,1771685025.465,1771685033.965,1771685034.103,8.64,8.72,18,0.48
F1,210226,15:40,1,1771685034.37,1771685034.465,1771685041.465,1771685041.719,7.25,7.35,15,0.48
F1,210226,15:40,2,1771685041.961,1771685041.972,1771685047.465,1771685047.948,5.98,5.99,12,0.5
F1,210226,15:40,3,1771685047.961,1771685047.972,1771685055.965,1771685055.928,7.96,7.97,17,0.47
F1,210226,15:40,4,1771685056.377,1771685056.465,1771685065.975,1771685066.006,9.54,9.63,20,0.48
F1,210226,15:40,5,1771685066.369,1771685066.465,1771685075.982,1771685076.36,9.9,9.99,20,0.49
F1,210226,15:40,6,1771685076.379,1771685076.467,1771685082.97,1771685082.987,6.52,6.61,14,0.47
F1,210226,15:40,7,1771685083.364,1771685083.465,1771685088.966,1771685089.106,5.64,5.74,12,0.47
F1,210226,15:40,8,1771685089.364,1771685089.465,1771685096.965,1771685096.867,7.4,7.5,16,0.46
F1,210226,15:40,9,1771685097.359,1771685097.465,1771685103.465,1771685103.455,5.99,6.1,13,0.46
F1,210226,15:40,10,1771685103.958,1771685103.965,1771685108.967,1771685109.093,5.13,5.13,11,0.47
F1,210226,15:40,11,1771685109.36,1771685109.465,1771685114.974,1771685115.335,5.87,5.97,12,0.49
F1,210226,15:40,12,1771685115.357,1771685115.467,1771685121.465,1771685121.6,6.13,6.24,13,0.47
F1,210226,15:40,13,1771685121.765,1771685121.966,1771685128.965,1771685129.248,7.28,7.48,15,0.49
F1,210226,15:40,14,1771685129.368,1771685129.465,1771685136.969,1771685137.048,7.58,7.68,16,0.47
F1,210226,15:40,15,1771685137.365,1771685137.467,1771685143.968,1771685144.064,6.6,6.7,14,0.47
F1,210226,15:40,16,1771685144.355,1771685144.465,1771685149.966,1771685150.156,5.69,5.8,12,0.47
F1,210226,15:40,17,1771685150.36,1771685150.466,1771685155.967,1771685156.219,5.75,5.86,12,0.48
F1,210226,15:40,18,1771685156.364,1771685156.465,1771685161.965,1771685162.214,5.75,5.85,12,0.48
F1,210226,15:40,19,1771685162.357,1771685162.465,1771685167.969,1771685168.08,5.61,5.72,12,0.47
F1,210226,15:40,20,1771685168.361,1771685168.465,1771685173.972,1771685174.038,5.57,5.68,12,0.46
F1,210226,15:40,21,1771685174.357,1771685174.465,1771685179.97,1771685180.035,5.57,5.68,12,0.46
F1,210226,15:40,22,1771685180.362,1771685180.465,1771685185.967,1771685186.058,5.59,5.7,12,0.47
F1,210226,15:40,23,1771685186.367,1771685186.465,1771685191.969,1771685192.162,5.7,5.79,12,0.47
F1,210226,15:40,24,1771685192.359,1771685192.465,1771685199.465,1771685199.407,6.94,7.05,15,0.46
F1,210226,15:40,25,1771685199.959,1771685199.972,1771685205.966,1771685206.259,6.29,6.3,13,0.48
F1,210226,15:40,26,1771685206.359,1771685206.465,1771685213.465,1771685213.698,7.23,7.34,15,0.48
F1,210226,15:40,27,1771685213.964,1771685213.965,1771685221.466,1771685221.52,7.55,7.56,16,0.47
F1,210226,15:40,28,1771685221.776,1771685221.965,1771685228.465,1771685228.752,6.79,6.98,14,0.48
F1,210226,15:40,29,1771685228.964,1771685228.976,1771685235.465,1771685235.804,6.83,6.84,14,0.49
F1,210226,15:40,30,1771685235.962,1771685235.972,1771685242.968,1771685243.081,7.11,7.12,15,0.47
F1,210226,15:40,31,1771685243.371,1771685243.465,1771685249.965,1771685250.172,6.71,6.8,14,0.48
F1,210226,15:40,32,1771685250.361,1771685250.466,1771685257.965,1771685257.86,7.39,7.5,16,0.46
F1,210226,15:40,33,1771685258.358,1771685258.465,1771685264.966,1771685264.999,6.53,6.64,14,0.47
F1,210226,15:40,34,1771685265.363,1771685265.465,1771685271.966,1771685272.261,6.8,6.9,14,0.49
F1,210226,15:40,35,1771685272.359,1771685272.466,1771685280.465,1771685280.378,7.91,8.02,17,0.47
F1,210226,15:40,36,1771685280.808,1771685280.966,1771685286.965,1771685287.218,6.25,6.41,13,0.48
F1,210226,15:40,37,1771685287.359,1771685287.466,1771685293.467,1771685293.663,6.2,6.3,13,0.48
F1,210226,15:40,38,1771685293.958,1771685293.966,1771685299.465,1771685299.503,5.54,5.55,12,0.46
F1,210226,15:40,39,1771685299.955,1771685299.966,1771685306.465,1771685306.75,6.78,6.8,14,0.48
F1,210226,15:40,40,1771685306.767,1771685306.965,1771685313.467,1771685313.691,6.73,6.92,14,0.48
F1,210226,15:40,41,1771685313.963,1771685313.977,1771685320.465,1771685320.556,6.58,6.59,14,0.47
F1,210226,15:40,42,1771685320.958,1771685320.971,1771685326.465,1771685326.395,5.42,5.44,12,0.45
F1,210226,15:40,43,1771685326.956,1771685326.966,1771685331.967,1771685332.305,5.34,5.35,11,0.49
F1,210226,15:40,44,1771685332.359,1771685332.466,1771685338.465,1771685338.381,5.92,6.02,13,0.46
F1,210226,15:40,45,1771685338.957,1771685338.964,1771685344.465,1771685344.612,5.65,5.65,12,0.47
F1,210226,15:40,46,1771685344.962,1771685344.972,1771685350.465,1771685350.917,5.94,5.95,12,0.5
F1,210226,15:40,47,1771685350.955,1771685350.965,1771685356.465,1771685356.819,5.85,5.86,12,0.49
F1,210226,15:40,48,1771685356.957,1771685356.966,1771685362.966,1771685362.971,6.01,6.01,13,0.46
F1,210226,15:40,49,1771685363.357,1771685363.465,1771685368.966,1771685369.166,5.7,5.81,12,0.48
F1,210226,15:40,50,1771685369.356,1771685369.465,1771685375.965,1771685375.988,6.52,6.63,14,0.47
F1,210226,15:40,51,1771685376.36,1771685376.465,1771685382.465,1771685382.827,6.36,6.47,13,0.49
F1,210226,15:40,52,1771685382.96,1771685382.969,1771685389.465,1771685389.471,6.5,6.51,14,0.46
F2,230226,08:55,0,1771833398.903,1771833398.997,1771833411.991,1771833412.402,13.41,13.5,27,0.5
F2,230226,08:55,1,1771833412.463,1771833412.491,1771833431.491,1771833431.896,19.41,19.43,39,0.5
F2,230226,08:55,2,1771833431.881,1771833431.994,1771833449.991,1771833450.313,18.32,18.43,37,0.5
F2,230226,08:55,3,1771833450.489,1771833450.531,1771833470.992,1771833470.936,20.4,20.45,42,0.49
F2,230226,08:55,4,1771833470.699,1771833471.491,1771833484.491,1771833484.47,12.98,13.77,27,0.48
F2,230226,08:55,5,1771833482.722,1771833484.992,1771833503.491,1771833503.147,18.16,20.42,38,0.48
F2,230226,08:55,6,1771833500.733,1771833503.991,1771833522.995,1771833522.657,18.67,21.92,39,0.48
F2,230226,08:55,7,1771833521.854,1771833523.497,1771833542.493,1771833542.42,18.92,20.57,39,0.49
F2,230226,08:55,8,1771833540.737,1771833542.992,1771833556.996,1771833556.767,13.77,16.03,29,0.47
F2,230226,08:55,9,1771833556.3,1771833557.494,1771833575.491,1771833575.121,17.63,18.82,37,0.48
F2,230226,08:55,10,1771833575.733,1771833575.991,1771833597.995,1771833597.557,21.57,21.82,45,0.48
F2,230226,08:55,11,1771833598.066,1771833598.493,1771833652.491,1771833652.515,54.02,54.45,65,0.83
F2,230226,08:55,12,1771833652.946,1771833652.995,1771833665.996,1771833665.592,12.6,12.65,27,0.47
F2,230226,08:55,13,1771833664.902,1771833666.492,1771833682.491,1771833682.427,15.94,17.53,33,0.48
F2,230226,08:55,14,1771833680.972,1771833682.993,1771833695.491,1771833695.02,12.03,14.05,26,0.46
F2,230226,08:55,15,1771833695.98,1771833696.037,1771833712.992,1771833713.095,17.06,17.12,35,0.49
F2,230226,08:55,16,1771833713.459,1771833713.495,1771833733.991,1771833734.108,20.61,20.65,42,0.49
F2,230226,08:55,17,1771833734.452,1771833734.491,1771833755.991,1771833755.926,21.43,21.47,44,0.49
F2,230226,08:55,18,1771833756.439,1771833756.491,1771833771.493,1771833771.976,15.49,15.54,31,0.5
F2,230226,08:55,19,1771833771.99,1771833772.015,1771833790.991,1771833791.07,19.05,19.08,39,0.49
F2,230226,08:55,20,1771833791.429,1771833791.491,1771833813.491,1771833813.769,22.28,22.34,45,0.5
F2,230226,08:55,21,1771833813.831,1771833813.997,1771833830.992,1771833831.184,17.19,17.35,35,0.49
F2,230226,08:55,22,1771833831.435,1771833831.493,1771833847.994,1771833847.998,16.51,16.56,34,0.49
F3,240226,13:35,0,1771936599.167,1771936599.347,1771936607.347,1771936607.2,7.85,8.03,17,0.46
F3,240226,13:35,1,1771936599.167,1771936607.847,1771936615.347,1771936615.172,7.32,16.01,16,0.46
F3,240226,13:35,2,1771936613.615,1771936615.847,1771936623.347,1771936623.062,7.22,9.45,16,0.45
F3,240226,13:35,3,1771936623.615,1771936623.847,1771936631.347,1771936631.108,7.26,7.49,16,0.45
F3,240226,13:35,4,1771936628.616,1771936631.847,1771936639.347,1771936638.891,7.04,10.28,16,0.44
F3,240226,13:35,5,1771936639.705,1771936639.847,1771936647.347,1771936646.969,7.12,7.26,16,0.45
F3,240226,13:35,6,1771936644.385,1771936647.849,1771936655.847,1771936655.503,7.65,11.12,17,0.45
F3,240226,13:35,7,1771936653.615,1771936656.348,1771936663.347,1771936663.648,7.3,10.03,15,0.49
F3,240226,13:35,8,1771936663.839,1771936663.853,1771936672.847,1771936672.457,8.6,8.62,19,0.45
F3,240226,13:35,9,1771936669.046,1771936673.348,1771936680.847,1771936680.435,7.09,11.39,16,0.44
F3,240226,13:35,10,1771936681.228,1771936681.347,1771936688.847,1771936688.843,7.5,7.61,16,0.47
F3,240226,13:35,11,1771936686.045,1771936689.347,1771936697.847,1771936697.802,8.46,11.76,18,0.47
F3,240226,13:35,12,1771936696.053,1771936698.347,1771936707.347,1771936706.954,8.61,10.9,19,0.45
F3,240226,13:35,13,1771936706.053,1771936707.847,1771936716.347,1771936716.176,8.33,10.12,18,0.46
F3,240226,13:35,14,1771936706.053,1771936707.847,1771936716.347,1771936726.146,18.3,20.09,18,1.02
F3,240226,13:35,15,1771936845.266,1771936845.347,1771936858.85,1771936858.878,13.53,13.61,28,0.48
F3,240226,13:35,16,1771936859.26,1771936859.347,1771936874.347,1771936874.746,15.4,15.49,31,0.5
F3,240226,13:35,17,1771936874.832,1771936874.847,1771936885.347,1771936885.696,10.85,10.86,22,0.49
F3,240226,13:35,18,1771936885.837,1771936885.847,1771936897.349,1771936897.48,11.63,11.64,24,0.48
F3,240226,13:35,19,1771936897.844,1771936897.855,1771936911.347,1771936911.259,13.4,13.41,28,0.48
F3,240226,13:35,20,1771936911.846,1771936911.847,1771936923.847,1771936924.23,12.38,12.38,25,0.5
F3,240226,13:35,21,1771936924.241,1771936924.347,1771936936.847,1771936936.927,12.58,12.69,26,0.48
F3,240226,13:35,22,1771936937.242,1771936937.348,1771936948.85,1771936949.003,11.66,11.76,24,0.49
F3,240226,13:35,23,1771936949.236,1771936949.349,1771936962.859,1771936963.146,13.8,13.91,28,0.49
F3,240226,13:35,24,1771936963.244,1771936963.353,1771936977.347,1771936977.532,14.18,14.29,29,0.49
F3,240226,13:35,25,1771936977.841,1771936977.85,1771936990.847,1771936991.032,13.18,13.19,27,0.49
F3,240226,13:35,26,1771936991.234,1771936991.347,1771937005.847,1771937005.873,14.53,14.64,30,0.48
F3,240226,13:35,27,1771937006.254,1771937006.348,1771937019.347,1771937019.526,13.18,13.27,27,0.49
F3,240226,13:35,28,1771937019.84,1771937019.848,1771937033.347,1771937033.73,13.88,13.89,28,0.5
F3,240226,13:35,29,1771937033.833,1771937033.847,1771937048.347,1771937048.299,14.45,14.47,30,0.48
F3,240226,13:35,30,1771937048.794,1771937048.848,1771937061.348,1771937061.766,12.92,12.97,26,0.5
F3,240226,13:35,31,1771937061.827,1771937061.847,1771937072.347,1771937072.337,10.49,10.51,22,0.48
F3,240226,13:35,32,1771937068.795,1771937072.848,1771937080.85,1771937081.194,8.35,12.4,17,0.49
F3,240226,13:35,33,1771937081.235,1771937081.349,1771937090.348,1771937090.451,9.1,9.22,19,0.48
F3,240226,13:35,34,1771937090.845,1771937090.855,1771937099.347,1771937099.634,8.78,8.79,18,0.49
F3,240226,13:35,35,1771937099.83,1771937099.847,1771937107.847,1771937107.394,7.55,7.56,17,0.44
F3,240226,13:35,36,1771937107.229,1771937108.347,1771937115.347,1771937115.163,6.82,7.93,15,0.45
F3,240226,13:35,37,1771937113.837,1771937115.847,1771937123.347,1771937123.211,7.36,9.37,16,0.46
F3,240226,13:35,38,1771937113.837,1771937123.847,1771937131.347,1771937131.363,7.52,17.53,16,0.47
F3,240226,13:35,39,1771937131.573,1771937131.848,1771937141.347,1771937140.901,9.05,9.33,20,0.45
F3,240226,13:35,40,1771937141.574,1771937141.849,1771937151.847,1771937151.622,9.77,10.05,21,0.47
F3,240226,13:35,41,1771937151.573,1771937152.347,1771937163.347,1771937163.107,10.76,11.53,23,0.47
F3,240226,13:35,42,1771937161.573,1771937163.847,1771937172.847,1771937172.737,8.89,11.16,19,0.47
F3,240226,13:35,43,1771937171.573,1771937173.347,1771937181.847,1771937181.763,8.42,10.19,18,0.47
F3,240226,13:35,44,1771937182.227,1771937182.348,1771937191.347,1771937190.944,8.6,8.72,19,0.45
F3,240226,13:35,45,1771937191.573,1771937191.847,1771937201.347,1771937200.895,9.05,9.32,20,0.45
F3,240226,13:35,46,1771937201.573,1771937201.847,1771937211.347,1771937211.234,9.39,9.66,20,0.47
F3,240226,13:35,47,1771937211.573,1771937211.847,1771937222.347,1771937221.924,10.08,10.35,22,0.46
F3,240226,13:35,48,1771937221.573,1771937222.847,1771937230.347,1771937230,7.15,8.43,16,0.45
F3,240226,13:35,49,1771937228.424,1771937230.847,1771937235.847,1771937235.825,4.98,7.4,11,0.45
F3,240226,13:35,50,1771937233.424,1771937236.347,1771937243.347,1771937243.122,6.77,9.7,15,0.45
F3,240226,13:35,51,1771937243.424,1771937243.847,1771937250.347,1771937250.285,6.44,6.86,14,0.46
F3,240226,13:35,52,1771937248.424,1771937250.847,1771937257.347,1771937257.116,6.27,8.69,14,0.45
F3,240226,13:35,53,1771937254.949,1771937257.848,1771937265.347,1771937265.315,7.47,10.37,16,0.47
F3,240226,13:35,54,1771937254.949,1771937257.848,1771937265.347,1771937272.878,15.03,17.93,16,0.94
F4,240226,14:18,0,1771939198.395,1771939198.549,1771939205.551,1771939205.789,7.24,7.39,15,0.48
F4,240226,14:18,1,1771939205.99,1771939206.05,1771939214.549,1771939214.47,8.42,8.48,18,0.47
F4,240226,14:18,2,1771939214.995,1771939215.049,1771939222.549,1771939222.731,7.68,7.74,16,0.48
F4,240226,14:18,3,1771939222.998,1771939223.049,1771939230.549,1771939230.733,7.68,7.74,16,0.48
F4,240226,14:18,4,1771939230.994,1771939231.049,1771939239.049,1771939239.271,8.22,8.28,17,0.48
F4,240226,14:18,5,1771939239.394,1771939239.549,1771939249.049,1771939249.319,9.77,9.93,20,0.49
F4,240226,14:18,6,1771939249.405,1771939249.549,1771939259.049,1771939259.372,9.82,9.97,20,0.49
F4,240226,14:18,7,1771939259.397,1771939259.549,1771939269.549,1771939269.444,9.9,10.05,21,0.47
F4,240226,14:18,8,1771939269.992,1771939270.049,1771939279.549,1771939279.698,9.65,9.71,20,0.48
F4,240226,14:18,9,1771939279.999,1771939280.05,1771939290.049,1771939290.355,10.31,10.36,21,0.49
F4,240226,14:18,10,1771939290.399,1771939290.55,1771939300.549,1771939300.851,10.3,10.45,21,0.49
F4,240226,14:18,11,1771939301.001,1771939301.05,1771939310.549,1771939310.763,9.71,9.76,20,0.49
F4,240226,14:18,12,1771939310.994,1771939311.049,1771939321.549,1771939321.941,10.89,10.95,22,0.5
F4,240226,14:18,13,1771939321.997,1771939322.049,1771939331.549,1771939331.947,9.9,9.95,20,0.49
F4,240226,14:18,14,1771939332.002,1771939332.054,1771939342.549,1771939342.861,10.81,10.86,22,0.49
F4,240226,14:18,15,1771939342.996,1771939343.049,1771939352.549,1771939352.508,9.46,9.51,20,0.47
F4,240226,14:18,16,1771939352.998,1771939353.049,1771939362.549,1771939362.745,9.7,9.75,20,0.48
F4,240226,14:18,17,1771939363,1771939363.049,1771939372.049,1771939372.123,9.07,9.12,19,0.48
F4,240226,14:18,18,1771939372.399,1771939372.549,1771939382.549,1771939382.612,10.06,10.21,21,0.48
F4,240226,14:18,19,1771939382.996,1771939383.051,1771939393.549,1771939393.716,10.66,10.72,22,0.48
F4,240226,14:18,20,1771939393.99,1771939394.049,1771939402.549,1771939402.829,8.78,8.84,18,0.49
F4,240226,14:18,21,1771939402.998,1771939403.049,1771939412.551,1771939412.88,9.83,9.88,20,0.49
F4,240226,14:18,22,1771939412.998,1771939413.05,1771939423.55,1771939423.667,10.62,10.67,22,0.48
F4,240226,14:18,23,1771939423.996,1771939424.049,1771939433.051,1771939433.27,9.22,9.27,19,0.49
F4,240226,14:18,24,1771939433.389,1771939433.549,1771939442.049,1771939442.074,8.53,8.69,18,0.47
F4,240226,14:18,25,1771939442.427,1771939442.549,1771939452.049,1771939452.153,9.6,9.73,20,0.48
F4,240226,14:18,26,1771939452.4,1771939452.549,1771939460.549,1771939460.788,8.24,8.39,17,0.48
F4,240226,14:18,27,1771939460.994,1771939461.049,1771939469.549,1771939469.855,8.81,8.86,18,0.49
F4,240226,14:18,28,1771939470.002,1771939470.049,1771939479.549,1771939479.426,9.38,9.42,20,0.47
F4,240226,14:18,29,1771939480.004,1771939480.049,1771939489.549,1771939490.004,9.96,10,20,0.5
F4,240226,14:18,30,1771939489.999,1771939490.049,1771939500.551,1771939500.934,10.88,10.93,22,0.49
F4,240226,14:18,31,1771939500.997,1771939501.049,1771939511.549,1771939511.959,10.91,10.96,22,0.5
F4,240226,14:18,32,1771939511.995,1771939512.049,1771939522.549,1771939522.563,10.51,10.57,22,0.48
F4,240226,14:18,33,1771939522.992,1771939523.049,1771939532.549,1771939532.657,9.61,9.66,20,0.48
F4,240226,14:18,34,1771939533.003,1771939533.05,1771939542.55,1771939542.672,9.62,9.67,20,0.48
F4,240226,14:18,35,1771939542.999,1771939543.049,1771939552.55,1771939552.89,9.84,9.89,20,0.49
F4,240226,14:18,36,1771939552.991,1771939553.049,1771939562.049,1771939561.998,8.95,9.01,19,0.47
F4,240226,14:18,37,1771939562.39,1771939562.549,1771939571.549,1771939571.552,9,9.16,19,0.47
F4,240226,14:18,38,1771939571.993,1771939572.057,1771939581.549,1771939581.84,9.78,9.85,20,0.49
F4,240226,14:18,39,1771939582.005,1771939582.049,1771939593.049,1771939593.292,11.24,11.29,23,0.49
F4,240226,14:18,40,1771939593.397,1771939593.549,1771939603.549,1771939603.914,10.37,10.52,21,0.49
F4,240226,14:18,41,1771939603.997,1771939604.049,1771939614.049,1771939614.325,10.28,10.33,21,0.49
F4,240226,14:18,42,1771939614.4,1771939614.549,1771939624.049,1771939624.082,9.53,9.68,20,0.48
F4,240226,14:18,43,1771939624.39,1771939624.549,1771939633.049,1771939633.183,8.63,8.79,18,0.48
F4,240226,14:18,44,1771939633.398,1771939633.549,1771939641.549,1771939641.56,8.01,8.16,17,0.47
F4,240226,14:18,45,1771939642.025,1771939642.052,1771939652.049,1771939652.067,10.01,10.04,21,0.48
F4,240226,14:18,46,1771939652.4,1771939652.549,1771939661.549,1771939661.811,9.26,9.41,19,0.49
F4,240226,14:18,47,1771939662.003,1771939662.049,1771939671.055,1771939671.399,9.35,9.4,19,0.49
F4,240226,14:18,48,1771939671.415,1771939671.549,1771939680.049,1771939680.285,8.74,8.87,18,0.49
F4,240226,14:18,49,1771939680.397,1771939680.549,1771939689.049,1771939689.089,8.54,8.69,18,0.47
F4,240226,14:18,50,1771939689.401,1771939689.549,1771939698.549,1771939698.657,9.11,9.26,19,0.48
F4,240226,14:18,51,1771939699.004,1771939699.05,1771939709.549,1771939709.561,10.51,10.56,22,0.48
F4,240226,14:18,52,1771939709.998,1771939710.049,1771939720.049,1771939720.143,10.09,10.15,21,0.48
F4,240226,14:18,53,1771939720.399,1771939720.55,1771939730.549,1771939730.458,9.91,10.06,21,0.47
F4,240226,14:18,54,1771939730.996,1771939731.052,1771939741.049,1771939741.08,10.03,10.08,21,0.48
F4,240226,14:18,55,1771939730.996,1771939731.052,1771939741.049,1771939752.304,21.25,21.31,21,1.01
